,Unnamed: 0,timestamp,accel_x,accel_y,accel_z,gyro_x,gyro_y,gyro_z
0,0,1727276279675,-0.9970703,0.203125,0.0146484375,-1.34375,-1.40625,-0.875
1,1,1727276279715,-0.9970703,0.19824219,0.028320312,-1.71875,-1.34375,-0.8125
2,2,1727276279755,-0.98339844,0.19921875,0.030273438,-1.34375,-0.71875,-0.875
3,3,1727276279795,-0.9892578,0.20800781,0.036132812,-0.5625,-0.53125,-0.625
4,4,1727276279835,-0.9941406,0.20800781,0.043945312,0.0625,-0.71875,-0.4375
5,5,1727276279875,-0.9892578,0.2109375,0.0390625,-0.4375,-0.90625,-0.5625
6,6,1727276279915,-0.9873047,0.19921875,0.034179688,-0.4375,-1.21875,-1.0
7,7,1727276279955,-0.98828125,0.20703125,0.041015625,-0.25,-1.6875,-1.375
8,8,1727276279995,-0.9941406,0.20605469,0.044921875,0.1875,-2.4375,-1.375
9,9,1727276280035,-0.98828125,0.19238281,0.044921875,0.0,-2.875,-1.59375
10,10,1727276280075,-0.9921875,0.18847656,0.043945312,0.1875,-3.09375,-1.59375
11,11,1727276280115,-0.9902344,0.19238281,0.037109375,0.25,-3.15625,-1.65625
12,12,1727276280155,-0.9921875,0.19335938,0.05078125,0.46875,-1.9375,-1.40625
13,13,1727276280195,-0.984375,0.19726562,0.055664062,0.1875,-0.40625,-0.875
14,14,1727276280235,-0.99316406,0.19140625,0.047851562,0.40625,0.3125,-0.25
15,15,1727276280275,-0.98339844,0.19824219,0.049804688,-0.5625,0.8125,-0.125
16,16,1727276280315,-0.98828125,0.19238281,0.048828125,-0.875,0.5625,-0.125
17,17,1727276280355,-0.98828125,0.19335938,0.043945312,-1.53125,0.6875,-0.375
18,18,1727276280395,-0.99316406,0.19238281,0.056640625,-1.03125,0.6875,-0.09375
19,19,1727276280435,-0.9941406,0.18457031,0.053710938,-1.46875,0.96875,0.03125
20,20,1727276280475,-0.9902344,0.17675781,0.05859375,-0.8125,1.34375,-0.125
21,21,1727276280515,-0.99316406,0.18945312,0.043945312,-1.0,1.21875,0.09375
22,22,1727276280555,-0.9892578,0.19042969,0.044921875,-0.875,1.09375,0.09375
23,23,1727276280595,-0.99902344,0.18066406,0.041015625,-1.0,0.8125,-0.125
24,24,1727276280635,-0.98339844,0.18359375,0.051757812,-0.625,0.5625,-0.03125
25,25,1727276280675,-0.99316406,0.17871094,0.032226562,-0.375,0.3125,-0.125
26,26,1727276280715,-0.9863281,0.17871094,0.030273438,-0.25,0.5,-0.09375
27,27,1727276280755,-0.99902344,0.1875,0.056640625,0.34375,0.625,0.15625
28,28,1727276280795,-0.9980469,0.1875,0.0390625,0.46875,0.5,0.09375
29,29,1727276280835,-0.9892578,0.19238281,0.044921875,0.53125,0.5,0.15625
30,30,1727276280875,-0.99121094,0.19238281,0.045898438,0.65625,0.25,0.46875
31,31,1727276280915,-0.9941406,0.1953125,0.03515625,0.40625,0.4375,0.78125
32,32,1727276280955,-0.9863281,0.18457031,0.040039062,0.3125,0.6875,0.71875
33,33,1727276280995,-0.9892578,0.19238281,0.033203125,0.125,0.5,0.53125
34,34,1727276281035,-0.9921875,0.19921875,0.032226562,0.3125,-0.0625,0.34375
35,35,1727276281075,-0.9980469,0.19238281,0.032226562,0.1875,-0.1875,0.28125
36,36,1727276281115,-0.9980469,0.19238281,0.041015625,0.125,-0.25,-0.125
37,37,1727276281155,-0.9921875,0.18652344,0.040039062,0.40625,-0.46875,-0.125
38,38,1727276281195,-0.99121094,0.18847656,0.037109375,0.53125,-0.34375,0.09375
39,39,1727276281235,-0.9902344,0.1953125,0.028320312,0.53125,-0.1875,0.28125
40,40,1727276281275,-0.99316406,0.20117188,0.047851562,0.53125,0.0,0.46875
41,41,1727276281315,-0.9921875,0.1953125,0.045898438,0.53125,-0.125,0.28125
42,42,1727276281355,-0.9824219,0.20117188,0.037109375,0.71875,-0.0625,0.53125
43,43,1727276281395,-0.9873047,0.20214844,0.049804688,0.65625,-0.125,0.46875
44,44,1727276281435,-0.99121094,0.203125,0.045898438,0.53125,0.0,0.53125
45,45,1727276281475,-0.99316406,0.20898438,0.038085938,0.46875,-0.40625,0.34375
46,46,1727276281515,-0.98828125,0.20703125,0.040039062,0.125,-0.53125,0.15625
47,47,1727276281555,-0.9951172,0.20605469,0.041015625,-0.3125,-0.59375,-0.3125
48,48,1727276281595,-0.9824219,0.19921875,0.041992188,-0.25,-0.46875,-0.09375
49,49,1727276281635,-0.99121094,0.20410156,0.034179688,-0.3125,-0.59375,-0.3125
50,50,1727276281675,-0.99902344,0.1953125,0.043945312,-0.125,-0.65625,-0.09375
51,51,1727276281715,-0.9892578,0.19433594,0.038085938,0.0,-0.53125,0.21875
52,52,1727276281755,-0.9892578,0.19824219,0.034179688,0.40625,-0.0625,0.46875
53,53,1727276281795,-0.9921875,0.20507812,0.051757812,0.0,-0.25,0.28125
54,54,1727276281835,-1.0,0.19921875,0.044921875,-0.0625,-0.84375,0.03125
55,55,1727276281875,-0.9902344,0.19921875,0.04296875,-0.4375,-1.28125,-0.125
56,56,1727276281915,-0.9921875,0.203125,0.047851562,-0.625,-1.03125,-0.375
57,57,1727276281955,-0.9951172,0.20214844,0.04296875,-0.5,-0.96875,-0.4375
58,58,1727276281995,-0.9941406,0.203125,0.037109375,-0.8125,-0.53125,-0.125
59,59,1727276282035,-0.9902344,0.20214844,0.056640625,-0.875,-0.53125,0.03125
60,60,1727276282075,-0.9941406,0.203125,0.043945312,-0.8125,-0.25,-0.09375
61,61,1727276282115,-0.97753906,0.20703125,0.0390625,-0.6875,-0.40625,-0.125
62,62,1727276282155,-0.98535156,0.1953125,0.03515625,-0.875,-0.40625,-0.1875
63,63,1727276282195,-0.99609375,0.19140625,0.0390625,-0.5,-0.53125,-0.375
64,64,1727276282235,-0.9892578,0.19238281,0.044921875,-0.25,-0.40625,-0.25
65,65,1727276282275,-0.9902344,0.19238281,0.044921875,-0.3125,-0.34375,-0.1875
66,66,1727276282315,-0.99902344,0.19628906,0.05078125,-0.625,-0.84375,-1.1875
67,67,1727276282355,-0.9814453,0.19628906,0.041992188,-0.6875,-1.28125,-1.71875
68,68,1727276282395,-0.98535156,0.20996094,0.036132812,0.0,-0.96875,-1.0625
69,69,1727276282435,-0.984375,0.19824219,0.0546875,0.96875,-0.46875,-0.03125
70,70,1727276282475,-0.9863281,0.19726562,0.060546875,1.21875,0.4375,0.28125
71,71,1727276282515,-0.9902344,0.18945312,0.053710938,2.0,0.1875,0.34375
72,72,1727276282555,-0.98339844,0.1796875,0.043945312,3.59375,0.0625,0.40625
73,73,1727276282595,-0.9970703,0.18066406,0.043945312,4.5625,-0.0625,0.03125
74,74,1727276282635,-0.99902344,0.19140625,0.037109375,5.25,-0.53125,-0.5
75,75,1727276282675,-0.9970703,0.1875,0.046875,5.4375,-0.40625,-0.6875
76,76,1727276282715,-0.9873047,0.1875,0.057617188,3.96875,0.6875,-0.6875
77,77,1727276282755,-0.9902344,0.17089844,0.037109375,4.375,1.34375,-0.8125
78,78,1727276282795,-1.0009766,0.16210938,0.056640625,10.1875,-0.46875,-1.1875
79,79,1727276282835,-1.0019531,0.16796875,0.047851562,16.03125,-2.875,-1.84375
80,80,1727276282875,-0.99316406,0.17871094,0.041015625,19.46875,-3.96875,-1.96875
81,81,1727276282915,-0.9814453,0.20605469,0.030273438,19.84375,-4.03125,-1.90625
82,82,1727276282955,-0.99609375,0.20800781,0.036132812,18.1875,-2.75,-1.78125
83,83,1727276282995,-1.0,0.21777344,0.037109375,16.96875,-2.75,-1.375
84,84,1727276283035,-0.9921875,0.20019531,0.040039062,14.9375,-2.0625,-0.5
85,85,1727276283075,-0.9892578,0.20800781,0.038085938,14.28125,-2.3125,-1.0625
86,86,1727276283115,-0.99902344,0.20898438,0.041015625,13.1875,-2.25,-1.375
87,87,1727276283155,-0.99609375,0.20703125,0.02734375,12.625,-3.21875,-1.59375
88,88,1727276283195,-0.9921875,0.20214844,0.02734375,12.0625,-3.96875,-1.375
89,89,1727276283235,-0.9892578,0.21875,0.04296875,9.5,-3.53125,-1.40625
90,90,1727276283275,-0.9902344,0.20800781,0.03515625,7.5,-3.53125,-1.1875
91,91,1727276283315,-0.9824219,0.20898438,0.0390625,6.40625,-2.625,-1.0
92,92,1727276283355,-0.99609375,0.20996094,0.032226562,5.1875,-2.1875,-0.9375
93,93,1727276283395,-0.99316406,0.20996094,0.032226562,3.90625,-2.125,-0.9375
94,94,1727276283435,-0.9951172,0.20507812,0.020507812,2.125,-2.1875,-0.875
95,95,1727276283475,-0.99316406,0.20214844,0.040039062,1.53125,-2.9375,-0.375
96,96,1727276283515,-0.98828125,0.18359375,0.04296875,1.28125,-3.03125,0.40625
97,97,1727276283555,-0.98046875,0.19628906,0.043945312,0.90625,-2.1875,0.65625
98,98,1727276283595,-0.98828125,0.19824219,0.032226562,0.0625,-1.28125,1.15625
99,99,1727276283635,-0.9863281,0.19433594,0.047851562,-0.9375,-0.3125,0.84375
100,100,1727276283675,-0.9921875,0.19238281,0.04296875,-0.375,0.25,0.65625
101,101,1727276283715,-0.99609375,0.19824219,0.056640625,-1.03125,-0.59375,0.65625
102,102,1727276283755,-0.98828125,0.20019531,0.053710938,-1.53125,-0.84375,0.15625
103,103,1727276283795,-0.9902344,0.20214844,0.07421875,-2.375,-1.8125,0.09375
104,104,1727276283835,-1.0,0.20410156,0.0546875,-1.71875,-3.84375,0.96875
105,105,1727276283875,-0.9902344,0.20605469,0.064453125,-1.90625,-4.8125,1.5
106,106,1727276283915,-0.984375,0.19726562,0.047851562,-1.21875,-4.03125,1.3125
107,107,1727276283955,-1.0019531,0.19921875,0.08203125,-1.46875,-4.8125,0.96875
108,108,1727276283995,-0.9921875,0.18457031,0.06933594,-1.09375,-7.125,1.09375
109,109,1727276284035,-0.97558594,0.17675781,0.07910156,-1.34375,-6.09375,-0.375
110,110,1727276284075,-0.9707031,0.18847656,0.07421875,-0.625,-2.375,-1.3125
111,111,1727276284115,-0.9785156,0.19628906,0.07128906,1.59375,-0.96875,-0.3125
112,112,1727276284155,-0.9765625,0.20019531,0.09082031,1.53125,0.8125,0.65625
113,113,1727276284195,-0.9863281,0.2109375,0.06933594,1.09375,2.15625,1.03125
114,114,1727276284235,-0.9814453,0.22070312,0.048828125,0.78125,2.5,1.03125
115,115,1727276284275,-0.9941406,0.2109375,0.076171875,-0.5,2.5625,0.65625
116,116,1727276284315,-0.9902344,0.21777344,0.0703125,0.0,0.0,0.78125
117,117,1727276284355,-0.9892578,0.203125,0.07519531,0.1875,-2.375,-0.375
118,118,1727276284395,-0.99316406,0.20605469,0.07128906,-0.4375,-2.125,-1.125
119,119,1727276284435,-0.9863281,0.20410156,0.059570312,-1.0,-3.34375,-0.75
120,120,1727276284475,-0.99609375,0.19921875,0.08496094,-0.875,-3.28125,-0.8125
121,121,1727276284515,-0.9892578,0.20019531,0.08300781,-2.9375,-2.3125,-0.6875
122,122,1727276284555,-0.9814453,0.20019531,0.07421875,-5.5,-0.59375,-0.8125
123,123,1727276284595,-0.9892578,0.1953125,0.06738281,-6.0625,0.625,0.03125
124,124,1727276284635,-0.9941406,0.18457031,0.07128906,-4.34375,0.6875,0.78125
125,125,1727276284675,-0.99121094,0.18457031,0.083984375,-3.3125,0.75,0.59375
126,126,1727276284715,-0.9863281,0.18164062,0.08984375,-2.625,0.75,0.40625
127,127,1727276284755,-0.9892578,0.19628906,0.078125,-1.96875,0.9375,0.71875
128,128,1727276284795,-0.9941406,0.18847656,0.083984375,-1.34375,0.6875,1.03125
129,129,1727276284835,-0.9892578,0.20703125,0.07910156,-1.28125,0.5625,0.59375
130,130,1727276284875,-0.98339844,0.21289062,0.083984375,-2.03125,0.75,1.03125
131,131,1727276284915,-0.984375,0.203125,0.07714844,-3.59375,1.21875,0.96875
132,132,1727276284955,-0.98339844,0.22558594,0.083984375,-4.09375,1.71875,1.875
133,133,1727276284995,-0.9892578,0.203125,0.080078125,-6.21875,2.15625,2.375
134,134,1727276285035,-0.9892578,0.18847656,0.08984375,-6.34375,3.25,2.1875
135,135,1727276285075,-0.9814453,0.18261719,0.07714844,-4.90625,3.84375,1.15625
136,136,1727276285115,-0.9951172,0.18066406,0.06640625,-2.28125,2.15625,0.78125
137,137,1727276285155,-0.9941406,0.1875,0.07519531,-0.5,0.5,0.15625
138,138,1727276285195,-0.98046875,0.19042969,0.07519531,1.34375,0.1875,0.28125
139,139,1727276285235,-0.9902344,0.2109375,0.080078125,1.8125,0.5625,-0.03125
140,140,1727276285275,-0.98535156,0.21484375,0.08496094,1.09375,0.125,0.34375
141,141,1727276285315,-0.984375,0.20996094,0.0703125,0.65625,0.25,0.40625
142,142,1727276285355,-0.98535156,0.20214844,0.061523438,-0.125,0.625,0.40625
143,143,1727276285395,-0.9765625,0.20898438,0.072265625,0.0625,1.09375,0.53125
144,144,1727276285435,-0.98339844,0.19921875,0.053710938,-0.1875,1.34375,-0.5
145,145,1727276285475,-0.99902344,0.19824219,0.057617188,-0.3125,1.34375,-0.75
146,146,1727276285515,-0.98828125,0.20214844,0.049804688,-0.5,0.5,-0.125
147,147,1727276285555,-0.98828125,0.20898438,0.06738281,-0.5,-0.34375,-0.125
148,148,1727276285595,-0.9736328,0.20410156,0.0625,-0.875,-0.53125,-0.03125
149,149,1727276285635,-0.98828125,0.20019531,0.0546875,-1.0,0.25,0.71875
150,150,1727276285675,-0.984375,0.20019531,0.06347656,-0.625,0.25,1.5625
151,151,1727276285715,-0.98046875,0.20410156,0.06542969,-0.875,0.875,0.78125
152,152,1727276285755,-0.9892578,0.20507812,0.056640625,-1.53125,0.625,0.59375
153,153,1727276285795,-0.9970703,0.18847656,0.059570312,-1.71875,-0.40625,0.90625
154,154,1727276285835,-0.99902344,0.19921875,0.068359375,-1.28125,-0.65625,0.59375
155,155,1727276285875,-0.9892578,0.2109375,0.06347656,-0.25,-1.65625,0.65625
156,156,1727276285915,-0.99121094,0.20703125,0.08300781,-0.3125,-1.59375,0.28125
157,157,1727276285955,-0.98535156,0.20898438,0.07128906,-0.875,-1.65625,0.09375
158,158,1727276285995,-0.9941406,0.2109375,0.06933594,-1.53125,-1.65625,0.53125
159,159,1727276286035,-0.9814453,0.20996094,0.06542969,-2.6875,-0.59375,0.59375
160,160,1727276286075,-0.9824219,0.20605469,0.07128906,-2.375,-0.1875,1.21875
161,161,1727276286115,-0.9902344,0.20898438,0.08105469,-0.75,-1.15625,1.8125
162,162,1727276286155,-0.98535156,0.21679688,0.07421875,1.46875,-1.34375,1.5
163,163,1727276286195,-0.98339844,0.21777344,0.0625,1.53125,-0.90625,0.53125
164,164,1727276286235,-0.9902344,0.22460938,0.07421875,1.03125,-1.65625,0.09375
165,165,1727276286275,-0.9902344,0.21777344,0.07714844,-0.3125,-2.25,-0.6875
166,166,1727276286315,-0.9824219,0.21875,0.076171875,-1.21875,-1.875,-0.5625
167,167,1727276286355,-0.98339844,0.21777344,0.09277344,-1.15625,-1.8125,-0.09375
168,168,1727276286395,-0.97753906,0.22265625,0.08300781,-1.84375,-1.53125,-0.03125
169,169,1727276286435,-0.9902344,0.21582031,0.08105469,-1.40625,-1.59375,-0.03125
170,170,1727276286475,-0.98339844,0.21679688,0.083984375,-2.5,-1.21875,-0.375
171,171,1727276286515,-0.984375,0.21777344,0.09082031,-2.6875,-0.90625,-0.4375
172,172,1727276286555,-0.9892578,0.21582031,0.08691406,-3.59375,-1.09375,-0.09375
173,173,1727276286595,-0.9746094,0.20800781,0.08691406,-6.0,-0.84375,-0.09375
174,174,1727276286635,-0.97753906,0.203125,0.09082031,-5.375,-0.25,-0.3125
175,175,1727276286675,-0.97558594,0.19824219,0.087890625,-3.375,0.0,-0.03125
176,176,1727276286715,-0.98535156,0.19824219,0.09765625,-1.59375,0.625,0.46875
177,177,1727276286755,-0.9863281,0.21484375,0.09277344,-0.625,0.96875,0.90625
178,178,1727276286795,-0.984375,0.2109375,0.09082031,-1.09375,0.875,0.78125
179,179,1727276286835,-0.98828125,0.20703125,0.0859375,-1.71875,0.125,0.53125
180,180,1727276286875,-0.9951172,0.20996094,0.0859375,-2.5,0.1875,0.34375
181,181,1727276286915,-0.9707031,0.21679688,0.107421875,-2.8125,0.3125,0.03125
182,182,1727276286955,-0.97558594,0.20996094,0.09863281,-3.125,1.78125,0.53125
183,183,1727276286995,-0.9765625,0.20898438,0.08886719,-3.65625,2.5625,1.09375
184,184,1727276287035,-0.98339844,0.203125,0.08300781,-2.875,3.25,1.8125
185,185,1727276287075,-0.9892578,0.20800781,0.083984375,-2.8125,3.0625,1.625
186,186,1727276287115,-0.98535156,0.19824219,0.087890625,-1.34375,1.65625,1.625
187,187,1727276287155,-0.9902344,0.19042969,0.09277344,-0.9375,1.34375,0.46875
188,188,1727276287195,-0.9746094,0.20605469,0.080078125,-0.625,1.78125,0.34375
189,189,1727276287235,-0.98828125,0.2109375,0.07910156,-0.25,2.09375,0.78125
190,190,1727276287275,-0.9814453,0.22167969,0.080078125,-0.75,2.5625,0.78125
191,191,1727276287315,-0.9941406,0.22167969,0.07128906,-1.09375,2.21875,0.46875
192,192,1727276287355,-0.9970703,0.21972656,0.07714844,-3.125,1.09375,-0.8125
193,193,1727276287395,-0.99316406,0.22363281,0.06933594,-3.96875,-0.125,-0.3125
194,194,1727276287435,-0.9824219,0.20410156,0.07128906,-2.9375,-0.1875,-0.3125
195,195,1727276287475,-0.9794922,0.20703125,0.0703125,-1.03125,0.5625,-0.9375
196,196,1727276287515,-0.9814453,0.21875,0.06542969,-1.09375,1.21875,-0.875
197,197,1727276287555,-0.98535156,0.21679688,0.06933594,-1.71875,1.71875,-0.25
198,198,1727276287595,-0.99316406,0.21386719,0.06738281,-0.8125,1.84375,0.15625
199,199,1727276287635,-0.9765625,0.20996094,0.06738281,-0.875,2.625,-0.125
200,200,1727276287675,-0.9765625,0.21679688,0.07714844,-0.3125,2.9375,0.28125
201,201,1727276287715,-0.9863281,0.21875,0.076171875,-0.375,2.8125,0.65625
202,202,1727276287755,-0.99316406,0.21386719,0.0703125,-0.4375,2.75,0.78125
203,203,1727276287795,-0.9814453,0.21777344,0.0546875,-1.0,2.15625,1.4375
204,204,1727276287835,-0.9814453,0.21386719,0.057617188,-1.40625,1.65625,1.5
205,205,1727276287875,-0.98339844,0.21191406,0.060546875,-1.71875,1.53125,0.78125
206,206,1727276287915,-0.9970703,0.20703125,0.0546875,-0.875,0.96875,0.71875
207,207,1727276287955,-0.98046875,0.20898438,0.068359375,-0.5,0.75,0.78125
208,208,1727276287995,-0.97558594,0.21484375,0.05078125,-0.0625,1.15625,1.03125
209,209,1727276288035,-0.9863281,0.22363281,0.052734375,-0.1875,1.65625,1.3125
210,210,1727276288075,-0.9892578,0.22460938,0.055664062,-0.5,1.84375,1.25
211,211,1727276288115,-0.9873047,0.22558594,0.046875,-1.0,2.3125,1.21875
212,212,1727276288155,-0.9824219,0.21679688,0.056640625,-0.375,2.3125,1.4375
213,213,1727276288195,-0.98535156,0.22070312,0.0625,-0.4375,3.0,1.3125
214,214,1727276288235,-0.9824219,0.21582031,0.059570312,-0.0625,1.65625,1.4375
215,215,1727276288275,-0.9951172,0.21972656,0.046875,0.71875,0.5,1.03125
216,216,1727276288315,-0.98535156,0.22851562,0.048828125,0.125,0.3125,0.65625
217,217,1727276288355,-1.0,0.22460938,0.043945312,0.1875,0.625,0.40625
218,218,1727276288395,-0.9941406,0.234375,0.053710938,0.0,0.375,-0.09375
219,219,1727276288435,-0.984375,0.23339844,0.059570312,-0.25,0.1875,-0.25
220,220,1727276288475,-0.9794922,0.22070312,0.048828125,-0.8125,-0.1875,0.09375
221,221,1727276288515,-0.98046875,0.23144531,0.052734375,-1.03125,-0.25,0.34375
222,222,1727276288555,-0.99121094,0.23632812,0.044921875,-1.59375,0.0,0.09375
223,223,1727276288595,-0.97753906,0.23535156,0.047851562,-1.59375,0.125,-0.1875
224,224,1727276288635,-0.9794922,0.22753906,0.060546875,-0.875,-0.25,-0.375
225,225,1727276288675,-0.98339844,0.234375,0.053710938,-0.875,-0.71875,-0.25
226,226,1727276288715,-0.98046875,0.22558594,0.045898438,-1.59375,-0.65625,-0.25
227,227,1727276288755,-0.9824219,0.22363281,0.051757812,-1.65625,-0.34375,-0.3125
228,228,1727276288795,-0.9814453,0.22558594,0.053710938,-1.65625,-0.40625,-0.5
229,229,1727276288835,-0.98339844,0.22851562,0.0546875,-1.46875,-0.40625,-0.1875
230,230,1727276288875,-0.9863281,0.23046875,0.05078125,-1.40625,-0.46875,-0.1875
231,231,1727276288915,-0.98535156,0.23046875,0.057617188,-1.59375,-0.53125,-0.375
232,232,1727276288955,-0.984375,0.2265625,0.052734375,-1.46875,-0.34375,-0.4375
233,233,1727276288995,-0.98828125,0.21972656,0.053710938,-1.21875,-0.65625,-0.4375
234,234,1727276289035,-0.9873047,0.23046875,0.046875,-1.15625,-0.78125,-0.5
235,235,1727276289075,-0.9863281,0.22558594,0.055664062,-1.03125,-1.21875,-0.75
236,236,1727276289115,-0.9814453,0.21972656,0.0546875,-1.0,-1.59375,-1.125
237,237,1727276289155,-0.98339844,0.23242188,0.06640625,-0.4375,-1.65625,-1.1875
238,238,1727276289195,-0.9892578,0.22460938,0.057617188,-1.34375,-0.84375,-0.625
239,239,1727276289235,-0.98535156,0.21289062,0.06542969,-0.75,-0.65625,-0.375
240,240,1727276289275,-0.9873047,0.21582031,0.060546875,-0.3125,-0.71875,-0.125
241,241,1727276289315,-0.98535156,0.21972656,0.061523438,-0.75,-0.125,-0.09375
242,242,1727276289355,-0.98828125,0.22167969,0.056640625,-0.5625,-0.25,-0.125
243,243,1727276289395,-0.9902344,0.21777344,0.068359375,-1.03125,-0.46875,-0.6875
244,244,1727276289435,-0.9902344,0.21386719,0.0546875,-0.9375,-0.71875,-0.5
245,245,1727276289475,-0.9873047,0.21484375,0.059570312,-0.6875,-0.65625,-0.5
246,246,1727276289515,-0.984375,0.2109375,0.06347656,-0.5,-0.1875,-0.375
247,247,1727276289555,-0.98046875,0.21875,0.056640625,-0.625,-0.125,-0.3125
248,248,1727276289595,-0.99121094,0.21484375,0.05859375,-0.0625,0.0,-0.1875
249,249,1727276289635,-0.9824219,0.21289062,0.064453125,0.0625,0.0625,-0.25
250,250,1727276289675,-0.98339844,0.21875,0.064453125,0.125,-0.125,-0.4375
251,251,1727276289715,-0.9824219,0.20996094,0.0625,0.34375,-0.59375,-0.75
252,252,1727276289755,-0.9902344,0.20800781,0.06933594,0.96875,-0.84375,-1.0
253,253,1727276289795,-0.984375,0.20605469,0.07519531,1.34375,-0.90625,-1.0625
254,254,1727276289835,-0.97753906,0.21386719,0.0625,1.21875,-0.65625,-0.8125
255,255,1727276289875,-0.9863281,0.21777344,0.064453125,0.84375,-0.59375,-0.625
256,256,1727276289915,-0.98535156,0.22558594,0.051757812,0.78125,-0.3125,-0.25
257,257,1727276289955,-0.9794922,0.2109375,0.061523438,0.34375,0.0625,-0.375
258,258,1727276289995,-0.9814453,0.21972656,0.06933594,0.0625,0.1875,-0.4375
259,259,1727276290035,-0.984375,0.21679688,0.0625,-0.0625,-0.125,-0.5625
260,260,1727276290075,-0.9941406,0.21484375,0.061523438,-0.1875,-0.3125,-0.5625
261,261,1727276290115,-0.984375,0.21875,0.06347656,0.0,-0.40625,-0.6875
262,262,1727276290155,-0.98828125,0.22265625,0.0625,0.1875,-0.25,-0.5625
263,263,1727276290195,-0.9941406,0.21386719,0.055664062,0.1875,-0.40625,-0.5
264,264,1727276290235,-0.9921875,0.21289062,0.049804688,-0.0625,-0.59375,-0.5625
265,265,1727276290275,-0.98339844,0.21679688,0.056640625,-0.0625,-0.65625,-0.6875
266,266,1727276290315,-0.9814453,0.21484375,0.06347656,-0.1875,-0.96875,-0.9375
267,267,1727276290355,-0.98046875,0.20703125,0.07519531,-0.375,-0.96875,-1.0625
268,268,1727276290395,-0.9921875,0.20898438,0.055664062,0.0625,-0.59375,-0.9375
269,269,1727276290435,-0.984375,0.21191406,0.07714844,0.25,-0.40625,-0.6875
270,270,1727276290475,-0.98828125,0.21875,0.061523438,0.1875,-0.125,-0.5625
271,271,1727276290515,-0.9892578,0.21386719,0.0703125,0.125,0.0625,-0.375
272,272,1727276290555,-0.9892578,0.20800781,0.059570312,0.0625,0.1875,-0.4375
273,273,1727276290595,-0.98535156,0.20800781,0.07324219,0.0,-0.0625,-0.375
274,274,1727276290635,-0.98535156,0.20703125,0.07128906,0.3125,-0.0625,-0.375
275,275,1727276290675,-0.9863281,0.20507812,0.060546875,0.53125,-0.0625,-0.375
276,276,1727276290715,-0.9863281,0.20507812,0.06347656,0.40625,-0.0625,-0.375
277,277,1727276290755,-0.99121094,0.20996094,0.056640625,0.40625,0.0625,-0.375
278,278,1727276290795,-0.98828125,0.20898438,0.0546875,0.125,-0.1875,-0.5
279,279,1727276290835,-0.98339844,0.21191406,0.051757812,0.0,-0.25,-0.25
280,280,1727276290875,-0.98828125,0.20214844,0.052734375,0.1875,-0.1875,-0.25
281,281,1727276290915,-0.9814453,0.20605469,0.05859375,0.25,0.375,-0.4375
282,282,1727276290955,-0.9941406,0.20703125,0.06542969,0.3125,0.375,-0.25
283,283,1727276290995,-0.984375,0.20898438,0.06933594,0.0625,0.1875,-0.3125
284,284,1727276291035,-0.99121094,0.203125,0.057617188,0.1875,0.125,-0.375
285,285,1727276291075,-0.9873047,0.21191406,0.072265625,0.1875,0.0625,-0.1875
286,286,1727276291115,-0.98046875,0.20410156,0.068359375,0.34375,0.25,-0.03125
287,287,1727276291155,-0.98535156,0.20800781,0.064453125,0.25,0.375,-0.03125
288,288,1727276291195,-0.99316406,0.20898438,0.051757812,0.40625,0.6875,0.03125
289,289,1727276291235,-0.9892578,0.20703125,0.044921875,0.3125,0.75,0.09375
290,290,1727276291275,-0.98339844,0.20703125,0.06933594,0.1875,0.5625,0.03125
291,291,1727276291315,-0.9902344,0.20800781,0.053710938,0.3125,0.4375,0.09375
292,292,1727276291355,-0.98339844,0.20703125,0.064453125,0.125,0.375,0.03125
293,293,1727276291395,-0.98535156,0.20410156,0.061523438,0.0625,0.375,0.28125
294,294,1727276291435,-0.9892578,0.21875,0.068359375,0.0625,0.375,0.09375
295,295,1727276291475,-0.9951172,0.203125,0.06738281,0.0625,0.3125,-0.03125
296,296,1727276291515,-0.9902344,0.20605469,0.061523438,0.0,0.125,-0.03125
297,297,1727276291555,-0.9970703,0.203125,0.055664062,0.1875,0.25,0.09375
298,298,1727276291595,-1.0,0.21191406,0.060546875,0.125,0.0,-0.09375
299,299,1727276291635,-0.9941406,0.20410156,0.0703125,0.25,0.0,0.09375
300,300,1727276291675,-0.99609375,0.20507812,0.068359375,-0.0625,0.0,0.03125
301,301,1727276291715,-0.9824219,0.20898438,0.05859375,0.0625,0.0,-0.09375
302,302,1727276291755,-0.9873047,0.2109375,0.059570312,-0.125,-0.1875,0.15625
303,303,1727276291795,-0.98339844,0.21972656,0.059570312,-0.1875,0.0625,0.09375
304,304,1727276291835,-0.98339844,0.20703125,0.043945312,-0.0625,0.125,0.09375
305,305,1727276291875,-0.9892578,0.20996094,0.057617188,-0.0625,-0.1875,-0.125
306,306,1727276291915,-0.99902344,0.21289062,0.055664062,0.0625,-0.25,-0.25
307,307,1727276291955,-0.99316406,0.20703125,0.060546875,-0.125,-0.3125,-0.1875
308,308,1727276291995,-0.98339844,0.20605469,0.052734375,0.0,-0.25,-0.3125
309,309,1727276292035,-0.9921875,0.21191406,0.06738281,0.1875,-0.46875,-0.125
310,310,1727276292075,-0.99121094,0.20703125,0.068359375,0.0625,-0.3125,-0.125
311,311,1727276292115,-0.97753906,0.20898438,0.061523438,0.125,-0.40625,-0.1875
312,312,1727276292155,-0.98535156,0.21386719,0.06347656,0.3125,-0.34375,-0.09375
313,313,1727276292195,-0.984375,0.2109375,0.06542969,0.0625,-0.3125,-0.125
314,314,1727276292235,-0.984375,0.20996094,0.048828125,-0.1875,-0.1875,-0.3125
315,315,1727276292275,-0.98535156,0.20996094,0.06542969,-0.25,-0.125,-0.125
316,316,1727276292315,-0.99121094,0.21582031,0.060546875,-0.25,0.25,-0.09375
317,317,1727276292355,-0.98535156,0.21484375,0.057617188,-0.1875,0.1875,0.15625
318,318,1727276292395,-0.9873047,0.203125,0.064453125,-0.5625,0.375,0.03125
319,319,1727276292435,-0.9814453,0.20703125,0.064453125,-0.625,0.25,-0.125
320,320,1727276292475,-0.9970703,0.20703125,0.061523438,-0.4375,0.125,-0.09375
321,321,1727276292515,-0.9892578,0.20507812,0.0546875,-0.1875,0.0,0.03125
322,322,1727276292555,-0.99121094,0.20898438,0.064453125,-0.3125,0.1875,-0.09375
323,323,1727276292595,-0.98339844,0.20507812,0.0546875,-0.25,0.1875,0.09375
324,324,1727276292635,-0.9814453,0.20996094,0.055664062,-0.375,0.0,0.28125
325,325,1727276292675,-0.984375,0.20507812,0.053710938,-0.25,0.375,0.09375
326,326,1727276292715,-0.9863281,0.21484375,0.056640625,0.0,0.4375,-0.09375
327,327,1727276292755,-0.9863281,0.21191406,0.051757812,0.1875,0.0,0.03125
328,328,1727276292795,-0.984375,0.20605469,0.059570312,0.1875,-0.25,-0.125
329,329,1727276292835,-0.98828125,0.21191406,0.055664062,0.3125,-0.46875,-0.1875
330,330,1727276292875,-0.9921875,0.20605469,0.055664062,0.25,-0.46875,-0.25
331,331,1727276292915,-0.9794922,0.21386719,0.05078125,0.34375,-0.3125,0.09375
332,332,1727276292955,-0.98046875,0.21289062,0.044921875,0.1875,-0.1875,0.03125
333,333,1727276292995,-0.9863281,0.20800781,0.059570312,0.1875,-0.125,0.09375
334,334,1727276293035,-0.98828125,0.21582031,0.046875,-0.09375,-0.0625,-0.03125
335,335,1727276293075,-0.9921875,0.20996094,0.057617188,-0.125,0.0,0.03125
336,336,1727276293115,-0.98828125,0.21679688,0.05078125,-0.25,0.125,0.03125
337,337,1727276293155,-0.9824219,0.20703125,0.05078125,-0.3125,-0.0625,0.03125
338,338,1727276293195,-0.98535156,0.20996094,0.057617188,-0.125,0.0625,-0.03125
339,339,1727276293235,-0.98339844,0.21289062,0.056640625,-0.09375,0.125,-0.09375
340,340,1727276293275,-0.99121094,0.20996094,0.055664062,-0.09375,-0.125,-0.15625
341,341,1727276293315,-0.9824219,0.20996094,0.06347656,-0.25,-0.375,-0.28125
342,342,1727276293355,-0.9785156,0.20703125,0.059570312,-0.25,-0.1875,-0.21875
343,343,1727276293395,-0.984375,0.20898438,0.060546875,-0.25,-0.125,-0.03125
344,344,1727276293435,-0.98339844,0.21484375,0.059570312,-0.4375,-0.3125,-0.03125
345,345,1727276293475,-0.9794922,0.20019531,0.046875,-0.25,-0.25,-0.09375
346,346,1727276293515,-0.99316406,0.203125,0.060546875,0.34375,0.0625,-0.28125
347,347,1727276293555,-0.9873047,0.2109375,0.05078125,0.65625,-0.125,-0.09375
348,348,1727276293595,-0.98535156,0.21191406,0.06738281,0.53125,-0.3125,-0.09375
349,349,1727276293635,-0.98535156,0.2109375,0.06640625,0.34375,-0.71875,-0.34375
350,350,1727276293675,-0.98535156,0.203125,0.0625,0.21875,-0.46875,-0.28125
351,351,1727276293715,-0.9863281,0.20410156,0.059570312,0.09375,-0.59375,-0.46875
352,352,1727276293755,-0.98535156,0.22363281,0.068359375,0.03125,-0.375,0.03125
353,353,1727276293795,-0.9863281,0.2109375,0.057617188,-0.5625,-0.59375,-0.15625
354,354,1727276293835,-0.984375,0.21191406,0.056640625,-1.125,-0.4375,-0.28125
355,355,1727276293875,-0.98828125,0.2109375,0.05859375,-1.375,-0.125,-0.40625
356,356,1727276293915,-0.99121094,0.20898438,0.053710938,-1.71875,-0.375,-0.21875
357,357,1727276293955,-0.97753906,0.21875,0.055664062,-1.78125,-0.375,-0.09375
358,358,1727276293995,-0.9824219,0.22167969,0.06542969,-2.53125,0.0,0.03125
359,359,1727276294035,-0.9863281,0.2109375,0.061523438,-3.0625,0.1875,0.03125
360,360,1727276294075,-0.9824219,0.21289062,0.072265625,-3.6875,0.4375,0.40625
361,361,1727276294115,-0.9873047,0.21386719,0.068359375,-4.53125,0.8125,0.28125
362,362,1727276294155,-0.98828125,0.21386719,0.06933594,-4.84375,1.09375,0.21875
363,363,1727276294195,-0.9824219,0.20703125,0.07910156,-5.09375,1.15625,0.09375
364,364,1727276294235,-0.9873047,0.20605469,0.06640625,-4.96875,0.90625,0.09375
365,365,1727276294275,-0.9824219,0.20800781,0.06933594,-5.09375,0.6875,0.03125
366,366,1727276294315,-0.98339844,0.20996094,0.08105469,-4.96875,0.3125,-0.21875
367,367,1727276294355,-0.9892578,0.20605469,0.059570312,-5.21875,0.125,-0.09375
368,368,1727276294395,-0.984375,0.21191406,0.06933594,-5.6875,0.5,-0.21875
369,369,1727276294435,-0.9892578,0.21289062,0.068359375,-6.3125,1.09375,0.09375
370,370,1727276294475,-0.9902344,0.20507812,0.08105469,-6.96875,1.46875,0.21875
371,371,1727276294515,-0.9873047,0.2109375,0.0703125,-6.59375,1.59375,0.34375
372,372,1727276294555,-0.9863281,0.1953125,0.06738281,-7.03125,1.90625,0.53125
373,373,1727276294595,-0.98046875,0.21289062,0.06640625,-7.21875,2.03125,0.625
374,374,1727276294635,-0.97558594,0.21191406,0.07910156,-7.40625,2.1875,0.75
375,375,1727276294675,-0.9892578,0.20898438,0.06933594,-7.59375,1.96875,0.875
376,376,1727276294715,-0.98535156,0.20898438,0.087890625,-7.53125,1.96875,0.875
377,377,1727276294755,-0.97753906,0.20410156,0.0625,-7.71875,2.15625,0.6875
378,378,1727276294795,-0.9921875,0.20605469,0.06640625,-8.125,1.96875,0.34375
379,379,1727276294835,-0.9970703,0.20410156,0.078125,-8.5,1.71875,0.40625
380,380,1727276294875,-0.98535156,0.20117188,0.060546875,-9.0625,1.90625,0.40625
381,381,1727276294915,-1.0,0.203125,0.068359375,-9.21875,1.71875,0.40625
382,382,1727276294955,-0.97558594,0.19824219,0.06640625,-9.0,1.53125,0.625
383,383,1727276294995,-0.98535156,0.19921875,0.080078125,-9.34375,1.84375,0.625
384,384,1727276295035,-0.9873047,0.203125,0.078125,-9.53125,2.4375,0.6875
385,385,1727276295075,-1.0019531,0.19921875,0.055664062,-9.0,2.3125,1.0
386,386,1727276295115,-0.9902344,0.18554688,0.068359375,-8.75,2.15625,1.0
387,387,1727276295155,-0.9892578,0.19140625,0.06933594,-8.0,1.84375,1.4375
388,388,1727276295195,-0.9863281,0.19335938,0.06738281,-7.46875,2.15625,1.3125
389,389,1727276295235,-1.0,0.1953125,0.0703125,-7.03125,2.375,1.25
390,390,1727276295275,-0.98535156,0.19921875,0.057617188,-6.0625,2.4375,1.90625
391,391,1727276295315,-0.99121094,0.19921875,0.06640625,-5.875,2.5625,2.21875
392,392,1727276295355,-0.99902344,0.20214844,0.061523438,-6.25,2.625,1.8125
393,393,1727276295395,-0.98828125,0.20214844,0.05859375,-6.84375,2.875,1.0625
394,394,1727276295435,-0.98339844,0.21386719,0.06542969,-5.9375,1.34375,1.125
395,395,1727276295475,-0.9863281,0.20019531,0.06542969,-5.21875,0.8125,1.0625
396,396,1727276295515,-0.9921875,0.2109375,0.061523438,-3.6875,-1.15625,1.625
397,397,1727276295555,-0.9746094,0.20800781,0.047851562,-3.625,-0.125,1.3125
398,398,1727276295595,-0.98339844,0.22363281,0.059570312,-3.5625,0.5625,1.3125
399,399,1727276295635,-0.99121094,0.21484375,0.0546875,-2.875,0.375,1.0625
400,400,1727276295675,-0.9921875,0.203125,0.060546875,-2.8125,0.0625,1.125
401,401,1727276295715,-0.98535156,0.20898438,0.07714844,-2.28125,-0.3125,0.625
402,402,1727276295755,-0.98339844,0.21777344,0.055664062,-1.46875,-0.53125,0.875
403,403,1727276295795,-0.99121094,0.21777344,0.068359375,-1.0,-0.78125,0.5625
404,404,1727276295835,-0.98046875,0.21289062,0.05859375,-1.78125,-0.90625,0.15625
405,405,1727276295875,-0.98828125,0.21679688,0.06933594,-1.90625,-1.21875,0.21875
406,406,1727276295915,-0.98339844,0.20507812,0.076171875,-0.625,-1.46875,-0.21875
407,407,1727276295955,-0.9873047,0.19921875,0.06933594,1.5625,-1.71875,-0.53125
408,408,1727276295995,-0.98828125,0.20214844,0.06640625,4.25,-2.3125,-0.40625
409,409,1727276296035,-0.98339844,0.20605469,0.07324219,5.84375,-2.4375,-0.53125
410,410,1727276296075,-0.9794922,0.2109375,0.08691406,6.8125,-2.25,-0.71875
411,411,1727276296115,-0.9941406,0.21484375,0.0703125,6.875,-2.375,-0.40625
412,412,1727276296155,-0.98535156,0.22070312,0.06933594,6.5625,-2.375,-0.34375
413,413,1727276296195,-0.9902344,0.21191406,0.056640625,5.96875,-2.25,-0.34375
414,414,1727276296235,-0.9873047,0.21191406,0.06347656,4.9375,-2.125,-0.75
415,415,1727276296275,-0.9824219,0.22070312,0.07421875,4.9375,-2.5,-0.65625
416,416,1727276296315,-0.9824219,0.21777344,0.087890625,4.625,-2.6875,-0.46875
417,417,1727276296355,-0.9814453,0.21679688,0.08691406,3.53125,-2.3125,-0.46875
418,418,1727276296395,-0.9873047,0.20898438,0.083984375,3.40625,-2.0,-0.65625
419,419,1727276296435,-0.9765625,0.21875,0.09375,2.90625,-1.34375,-0.53125
420,420,1727276296475,-0.9794922,0.22167969,0.08105469,3.53125,-0.78125,-0.21875
421,421,1727276296515,-0.98828125,0.22167969,0.07910156,3.59375,-0.65625,-0.09375
422,422,1727276296555,-0.984375,0.21972656,0.08886719,3.09375,-0.59375,-0.15625
423,423,1727276296595,-0.98535156,0.22265625,0.08203125,2.0625,-0.25,-0.03125
424,424,1727276296635,-0.98339844,0.22167969,0.07910156,1.375,-0.25,0.15625
425,425,1727276296675,-0.99609375,0.22070312,0.07421875,0.71875,-0.1875,-0.03125
426,426,1727276296715,-0.97753906,0.21875,0.07714844,0.28125,-0.0625,-0.09375
427,427,1727276296755,-0.9746094,0.21777344,0.080078125,-0.25,-0.125,-0.03125
428,428,1727276296795,-0.98339844,0.22460938,0.07910156,-0.25,-0.125,-0.28125
429,429,1727276296835,-0.9746094,0.22265625,0.06933594,-1.0,-0.1875,-0.59375
430,430,1727276296875,-0.9814453,0.22558594,0.07421875,-1.0625,-0.1875,-0.46875
431,431,1727276296915,-0.9921875,0.21191406,0.07519531,-1.40625,-0.375,-0.53125
432,432,1727276296955,-0.98046875,0.22070312,0.07714844,-1.90625,-0.4375,-0.71875
433,433,1727276296995,-0.984375,0.21191406,0.07910156,-1.375,-0.65625,-0.65625
434,434,1727276297035,-0.98339844,0.20996094,0.06738281,-0.875,-0.78125,-0.9375
435,435,1727276297075,-0.9941406,0.20898438,0.08496094,-0.1875,-1.09375,-1.125
436,436,1727276297115,-0.9824219,0.20410156,0.078125,0.09375,-0.96875,-1.1875
437,437,1727276297155,-0.97558594,0.20996094,0.08691406,0.28125,-1.40625,-0.9375
438,438,1727276297195,-0.9814453,0.21386719,0.08984375,-0.125,-1.09375,-1.0625
439,439,1727276297235,-0.98535156,0.21484375,0.07910156,-0.09375,-1.28125,-1.0
440,440,1727276297275,-0.9863281,0.20605469,0.08886719,0.34375,-0.65625,-0.46875
441,441,1727276297315,-0.98046875,0.20703125,0.09277344,0.59375,-0.4375,-0.21875
442,442,1727276297355,-0.9902344,0.19824219,0.09082031,0.96875,-0.1875,-0.15625
443,443,1727276297395,-0.98828125,0.20605469,0.08203125,0.90625,-0.4375,-0.21875
444,444,1727276297435,-0.9873047,0.20800781,0.087890625,0.40625,-0.3125,-0.09375
445,445,1727276297475,-0.9824219,0.20898438,0.07910156,0.65625,-0.3125,0.15625
446,446,1727276297515,-0.9765625,0.20019531,0.103515625,0.40625,0.375,0.34375
447,447,1727276297555,-0.9873047,0.203125,0.08203125,0.65625,0.375,0.46875
448,448,1727276297595,-0.98339844,0.19628906,0.1015625,0.59375,0.1875,0.40625
449,449,1727276297635,-0.9863281,0.20898438,0.095703125,0.28125,0.8125,0.53125
450,450,1727276297675,-0.9892578,0.21191406,0.09375,0.21875,1.03125,0.75
451,451,1727276297715,-0.98339844,0.20898438,0.07910156,0.59375,0.4375,0.75
452,452,1727276297755,-0.984375,0.20800781,0.08984375,0.71875,-0.0625,0.34375
453,453,1727276297795,-0.9794922,0.21582031,0.095703125,0.90625,-0.46875,-0.03125
454,454,1727276297835,-0.9951172,0.20898438,0.07910156,1.4375,-0.375,0.21875
455,455,1727276297875,-0.9814453,0.21191406,0.08691406,1.15625,-0.3125,0.28125
456,456,1727276297915,-0.98828125,0.21386719,0.07421875,2.0625,-0.3125,0.28125
457,457,1727276297955,-0.984375,0.21289062,0.09082031,2.1875,-0.25,-0.09375
458,458,1727276297995,-0.9921875,0.21191406,0.083984375,2.5,-0.71875,0.15625
459,459,1727276298035,-0.9794922,0.21875,0.08496094,1.625,-0.46875,0.03125
460,460,1727276298075,-0.98535156,0.21484375,0.07714844,0.84375,0.0,0.34375
461,461,1727276298115,-0.98046875,0.21875,0.08886719,0.84375,0.0625,0.15625
462,462,1727276298155,-0.9794922,0.22070312,0.078125,0.53125,0.1875,-0.09375
463,463,1727276298195,-0.9814453,0.21484375,0.08496094,0.71875,-0.3125,0.09375
464,464,1727276298235,-0.98535156,0.20605469,0.08300781,0.65625,-0.65625,-0.46875
465,465,1727276298275,-0.9814453,0.21484375,0.091796875,0.78125,-0.84375,-0.65625
466,466,1727276298315,-0.9814453,0.2109375,0.087890625,1.21875,-0.65625,-0.59375
467,467,1727276298355,-0.9794922,0.20996094,0.078125,1.6875,-0.3125,-0.28125
468,468,1727276298395,-0.9814453,0.21582031,0.09667969,1.875,-0.375,-0.21875
469,469,1727276298435,-0.97753906,0.22363281,0.09082031,1.4375,-0.375,-0.53125
470,470,1727276298475,-0.97753906,0.21875,0.083984375,1.09375,-0.53125,-0.46875
471,471,1727276298515,-0.9814453,0.22753906,0.06933594,1.15625,-0.4375,-0.59375
472,472,1727276298555,-0.98339844,0.21386719,0.07519531,1.09375,-0.3125,-0.59375
473,473,1727276298595,-0.98339844,0.21972656,0.0859375,0.65625,-0.375,-0.46875
474,474,1727276298635,-0.9902344,0.20898438,0.091796875,0.53125,-0.3125,-0.59375
475,475,1727276298675,-0.9902344,0.21191406,0.080078125,0.59375,-0.65625,-1.0
476,476,1727276298715,-0.98535156,0.21777344,0.08886719,0.28125,-1.21875,-1.1875
477,477,1727276298755,-0.9814453,0.20605469,0.0859375,0.34375,-1.8125,-1.3125
478,478,1727276298795,-0.97753906,0.20507812,0.07714844,1.09375,-1.03125,-1.125
479,479,1727276298835,-0.98535156,0.20996094,0.09082031,1.5625,-0.375,-0.65625
480,480,1727276298875,-0.98339844,0.19433594,0.1015625,1.75,-0.0625,-0.28125
481,481,1727276298915,-0.9824219,0.20605469,0.078125,1.625,-0.25,-0.46875
482,482,1727276298955,-0.99121094,0.19921875,0.09472656,1.03125,-0.71875,-0.71875
483,483,1727276298995,-0.97558594,0.21386719,0.09082031,1.03125,-0.84375,-0.71875
484,484,1727276299035,-0.98535156,0.20214844,0.07714844,0.84375,-0.375,-0.46875
485,485,1727276299075,-0.984375,0.20703125,0.087890625,0.65625,-0.1875,-0.15625
486,486,1727276299115,-0.98339844,0.20410156,0.09863281,0.28125,0.1875,0.28125
487,487,1727276299155,-0.9824219,0.19921875,0.08496094,0.21875,0.375,0.21875
488,488,1727276299195,-0.984375,0.20605469,0.09765625,0.28125,0.3125,0.03125
489,489,1727276299235,-0.98828125,0.20214844,0.095703125,0.03125,0.3125,-0.03125
490,490,1727276299275,-0.9873047,0.21679688,0.080078125,-0.03125,0.1875,0.03125
491,491,1727276299315,-0.9824219,0.21484375,0.07519531,-0.25,0.625,0.53125
492,492,1727276299355,-0.9892578,0.21582031,0.09472656,-0.6875,0.96875,0.53125
493,493,1727276299395,-0.98828125,0.21582031,0.076171875,-1.59375,1.03125,0.625
494,494,1727276299435,-0.9892578,0.21386719,0.08886719,-2.28125,0.8125,0.75
495,495,1727276299475,-0.9902344,0.21484375,0.087890625,-2.875,0.8125,0.40625
496,496,1727276299515,-0.98828125,0.20019531,0.07910156,-2.46875,0.875,0.5625
497,497,1727276299555,-0.9794922,0.21289062,0.09472656,-1.84375,0.96875,0.625
498,498,1727276299595,-0.98046875,0.22363281,0.08886719,-2.53125,1.03125,0.53125
499,499,1727276299635,-0.97753906,0.21679688,0.08203125,-2.15625,0.6875,0.46875
500,500,1727276299675,-0.96875,0.22558594,0.08691406,-2.59375,0.625,0.34375
501,501,1727276299715,-0.98046875,0.21484375,0.07714844,-3.6875,0.90625,0.53125
502,502,1727276299755,-0.98046875,0.22167969,0.08691406,-4.0,1.03125,0.40625
503,503,1727276299795,-0.98535156,0.21875,0.08496094,-3.8125,0.875,0.28125
504,504,1727276299835,-0.9863281,0.203125,0.080078125,-3.6875,0.6875,0.21875
505,505,1727276299875,-0.9863281,0.20898438,0.08203125,-3.125,0.4375,0.15625
506,506,1727276299915,-0.984375,0.21289062,0.08886719,-3.1875,0.3125,-0.15625
507,507,1727276299955,-0.984375,0.203125,0.08203125,-2.875,0.1875,0.03125
508,508,1727276299995,-0.9902344,0.20898438,0.07714844,-2.21875,-0.0625,0.15625
509,509,1727276300035,-0.9814453,0.20898438,0.08984375,-1.84375,-0.25,0.21875
510,510,1727276300075,-0.984375,0.2109375,0.09472656,-1.53125,-0.375,-0.09375
511,511,1727276300115,-0.98535156,0.21679688,0.08203125,-2.34375,-0.59375,-0.15625
512,512,1727276300155,-0.9765625,0.21191406,0.083984375,-3.3125,-0.59375,-0.15625
513,513,1727276300195,-0.9746094,0.21777344,0.06933594,-4.78125,-0.0625,-0.28125
514,514,1727276300235,-0.98535156,0.21191406,0.08691406,-5.4375,0.625,-0.15625
515,515,1727276300275,-0.99316406,0.20507812,0.09667969,-6.375,0.8125,0.15625
516,516,1727276300315,-0.9941406,0.20605469,0.08496094,-6.5,0.5,-0.09375
517,517,1727276300355,-0.9863281,0.19921875,0.08105469,-6.3125,0.5,-0.34375
518,518,1727276300395,-0.984375,0.20898438,0.09667969,-6.1875,0.375,-0.53125
519,519,1727276300435,-0.984375,0.19921875,0.10644531,-6.25,0.4375,-0.59375
520,520,1727276300475,-0.98828125,0.19921875,0.09667969,-5.625,0.6875,-0.34375
521,521,1727276300515,-0.9951172,0.19628906,0.09375,-4.40625,0.625,-0.03125
522,522,1727276300555,-0.9873047,0.1953125,0.08984375,-3.6875,0.125,-0.53125
523,523,1727276300595,-0.98828125,0.19238281,0.099609375,-1.84375,-0.53125,-0.65625
524,524,1727276300635,-0.9824219,0.1953125,0.099609375,-0.625,-0.65625,-0.71875
525,525,1727276300675,-0.9736328,0.20214844,0.10449219,0.34375,-0.78125,-0.15625
526,526,1727276300715,-0.9873047,0.20117188,0.10644531,0.78125,-0.25,-0.03125
527,527,1727276300755,-0.97558594,0.19238281,0.095703125,0.78125,-0.1875,0.21875
528,528,1727276300795,-0.9921875,0.1953125,0.09375,1.03125,0.0,0.21875
529,529,1727276300835,-0.9824219,0.20605469,0.099609375,1.6875,-0.3125,0.34375
530,530,1727276300875,-0.9873047,0.20214844,0.10449219,1.09375,0.0625,0.03125
531,531,1727276300915,-0.9951172,0.19824219,0.09765625,1.5,-0.125,-0.03125
532,532,1727276300955,-0.9824219,0.20410156,0.08984375,1.9375,0.1875,0.03125
533,533,1727276300995,-0.98535156,0.19726562,0.09472656,1.9375,0.25,-0.03125
534,534,1727276301035,-0.9873047,0.203125,0.08203125,2.4375,-0.125,0.09375
535,535,1727276301075,-0.98339844,0.20605469,0.083984375,2.0,0.0,0.03125
536,536,1727276301115,-0.9765625,0.20410156,0.0859375,1.75,-0.375,-0.03125
537,537,1727276301155,-0.98828125,0.21191406,0.083984375,1.375,-0.25,-0.21875
538,538,1727276301195,-0.9902344,0.20019531,0.08886719,1.4375,-0.25,-0.28125
539,539,1727276301235,-0.9873047,0.20800781,0.08496094,1.5,-0.3125,-0.21875
540,540,1727276301275,-0.9902344,0.20800781,0.09667969,0.90625,-0.25,-0.15625
541,541,1727276301315,-0.9814453,0.20019531,0.10449219,0.78125,-0.125,-0.15625
542,542,1727276301355,-0.9902344,0.20410156,0.095703125,0.71875,-0.125,-0.09375
543,543,1727276301395,-0.9785156,0.20410156,0.099609375,0.65625,0.0,-0.03125
544,544,1727276301435,-0.9863281,0.20605469,0.08984375,0.59375,0.0,-0.09375
545,545,1727276301475,-0.99316406,0.20605469,0.09082031,0.53125,0.0625,-0.15625
546,546,1727276301515,-0.98046875,0.21289062,0.09082031,1.03125,-0.0625,-0.03125
547,547,1727276301555,-0.98339844,0.203125,0.09082031,0.59375,0.0,-0.15625
548,548,1727276301595,-0.9814453,0.20996094,0.08984375,0.40625,-0.0625,-0.40625
549,549,1727276301635,-0.98046875,0.20898438,0.0859375,-0.125,-0.125,-0.46875
550,550,1727276301675,-0.97753906,0.203125,0.10253906,0.03125,0.0,-0.40625
551,551,1727276301715,-0.9794922,0.20410156,0.09765625,-0.1875,0.0,-0.46875
552,552,1727276301755,-0.9902344,0.203125,0.09082031,-0.4375,-0.0625,-0.46875
553,553,1727276301795,-0.98339844,0.19335938,0.08496094,-0.1875,-0.1875,-0.34375
554,554,1727276301835,-0.98535156,0.19140625,0.0859375,-0.03125,-0.25,-0.75
555,555,1727276301875,-0.9863281,0.18652344,0.08691406,0.96875,0.0,-1.0
556,556,1727276301915,-0.9873047,0.1875,0.095703125,2.90625,0.5625,-0.71875
557,557,1727276301955,-0.9824219,0.18554688,0.091796875,5.28125,0.4375,-0.15625
558,558,1727276301995,-0.9970703,0.19140625,0.09765625,6.34375,0.0625,-0.40625
559,559,1727276302035,-0.98828125,0.1875,0.09765625,7.90625,-0.78125,-0.875
560,560,1727276302075,-0.98828125,0.1875,0.095703125,10.0,-1.65625,-1.1875
561,561,1727276302115,-0.9892578,0.18945312,0.10058594,12.1875,-1.71875,-1.0
562,562,1727276302155,-0.99121094,0.17773438,0.0859375,14.5625,-1.875,-0.75
563,563,1727276302195,-0.98046875,0.19335938,0.09082031,16.34375,-1.65625,-0.8125
564,564,1727276302235,-0.9814453,0.19042969,0.07421875,17.9375,-1.8125,-1.0
565,565,1727276302275,-0.9921875,0.19824219,0.076171875,18.71875,-2.375,-1.1875
566,566,1727276302315,-0.9824219,0.1953125,0.08691406,19.28125,-2.625,-1.1875
567,567,1727276302355,-0.9814453,0.20214844,0.07421875,18.59375,-2.6875,-1.375
568,568,1727276302395,-0.9892578,0.20214844,0.07324219,18.0625,-2.3125,-1.25
569,569,1727276302435,-0.9794922,0.20996094,0.08203125,17.4375,-1.8125,-0.875
570,570,1727276302475,-0.984375,0.20996094,0.080078125,16.03125,-1.21875,-0.46875
571,571,1727276302515,-0.98339844,0.22167969,0.076171875,15.125,-0.4375,-0.15625
572,572,1727276302555,-0.9902344,0.21875,0.056640625,13.71875,-0.375,0.15625
573,573,1727276302595,-0.9892578,0.22363281,0.07519531,12.8125,-0.96875,0.03125
574,574,1727276302635,-0.9746094,0.22558594,0.064453125,11.8125,-0.96875,-0.15625
575,575,1727276302675,-0.9921875,0.22753906,0.048828125,10.25,-0.4375,-0.28125
576,576,1727276302715,-0.9716797,0.23046875,0.043945312,8.40625,-0.4375,0.03125
577,577,1727276302755,-0.9736328,0.234375,0.056640625,6.21875,-0.0625,0.5625
578,578,1727276302795,-0.9814453,0.23046875,0.048828125,4.125,0.375,0.21875
579,579,1727276302835,-0.9814453,0.234375,0.06933594,3.28125,0.3125,0.40625
580,580,1727276302875,-0.98046875,0.22363281,0.056640625,2.0625,0.5625,0.53125
581,581,1727276302915,-0.98828125,0.22851562,0.060546875,0.53125,0.4375,0.28125
582,582,1727276302955,-0.9873047,0.23144531,0.046875,-0.9375,0.25,0.21875
583,583,1727276302995,-0.9873047,0.21582031,0.06738281,-1.65625,0.4375,-0.09375
584,584,1727276303035,-0.9794922,0.21679688,0.0625,-2.46875,0.5625,-0.03125
585,585,1727276303075,-0.9970703,0.22070312,0.06542969,-2.59375,0.625,0.09375
586,586,1727276303115,-0.9863281,0.21875,0.05859375,-2.75,0.3125,-0.21875
587,587,1727276303155,-0.98828125,0.22558594,0.061523438,-2.8125,0.0625,-0.09375
588,588,1727276303195,-0.98535156,0.22070312,0.06347656,-2.6875,0.125,-0.09375
589,589,1727276303235,-0.98828125,0.22167969,0.061523438,-2.9375,0.1875,-0.34375
590,590,1727276303275,-0.9873047,0.20703125,0.06738281,-2.75,-0.125,-0.34375
591,591,1727276303315,-0.984375,0.20605469,0.068359375,-2.6875,-0.84375,-0.59375
592,592,1727276303355,-0.9921875,0.20996094,0.06542969,-3.25,-0.90625,-0.59375
593,593,1727276303395,-0.98535156,0.20410156,0.072265625,-3.375,-0.53125,-0.46875
594,594,1727276303435,-0.9921875,0.19726562,0.07128906,-3.125,-0.25,-0.59375
595,595,1727276303475,-0.99121094,0.19824219,0.06542969,-3.0,-0.25,-0.65625
596,596,1727276303515,-0.984375,0.20410156,0.06738281,-1.65625,0.0625,-0.40625
597,597,1727276303555,-0.9921875,0.20800781,0.06933594,-1.0625,-0.1875,-0.34375
598,598,1727276303595,-0.98535156,0.20898438,0.064453125,-0.25,-0.53125,-0.09375
599,599,1727276303635,-0.9980469,0.21972656,0.08496094,-0.375,-0.53125,-0.03125
600,600,1727276303675,-0.984375,0.21386719,0.064453125,-0.4375,-0.375,0.03125
601,601,1727276303715,-0.9902344,0.20996094,0.076171875,-0.09375,-0.125,0.15625
602,602,1727276303755,-0.98828125,0.21875,0.06640625,0.03125,-0.125,-0.03125
603,603,1727276303795,-0.98828125,0.2109375,0.0625,0.53125,-0.0625,0.09375
604,604,1727276303835,-0.99121094,0.21484375,0.060546875,1.3125,-0.4375,0.21875
605,605,1727276303875,-0.9863281,0.21386719,0.07714844,0.90625,-0.3125,-0.09375
606,606,1727276303915,-0.98535156,0.203125,0.064453125,0.90625,-0.0625,0.15625
607,607,1727276303955,-0.9863281,0.2109375,0.07714844,0.78125,0.0625,0.09375
608,608,1727276303995,-0.9921875,0.21875,0.06640625,1.25,0.3125,0.09375
609,609,1727276304035,-0.9892578,0.2109375,0.080078125,1.21875,0.0,-0.03125
610,610,1727276304075,-0.9902344,0.21777344,0.080078125,1.03125,-0.25,-0.15625
611,611,1727276304115,-0.99121094,0.21972656,0.06542969,0.09375,-0.1875,-0.28125
612,612,1727276304155,-0.984375,0.21875,0.07421875,0.40625,0.125,0.15625
613,613,1727276304195,-0.98339844,0.21875,0.072265625,0.34375,0.375,0.34375
614,614,1727276304235,-0.99121094,0.20800781,0.080078125,0.34375,0.125,0.28125
615,615,1727276304275,-0.9863281,0.20117188,0.07519531,0.40625,0.125,-0.15625
616,616,1727276304315,-0.99316406,0.19921875,0.061523438,0.78125,0.1875,-0.40625
617,617,1727276304355,-0.9863281,0.21289062,0.07128906,1.15625,0.0625,-0.40625
618,618,1727276304395,-0.9941406,0.21679688,0.072265625,1.09375,-0.1875,-0.15625
619,619,1727276304435,-0.99121094,0.21972656,0.061523438,0.09375,-0.0625,-0.21875
620,620,1727276304475,-0.9824219,0.20898438,0.06640625,-0.125,0.375,-0.09375
621,621,1727276304515,-0.9814453,0.21679688,0.07421875,-0.5625,0.8125,0.03125
622,622,1727276304555,-0.98535156,0.20410156,0.061523438,-0.375,0.5,0.03125
623,623,1727276304595,-0.9863281,0.20507812,0.0703125,-0.5,0.0625,-0.40625
624,624,1727276304635,-0.9873047,0.21191406,0.0625,-0.5,-0.3125,-0.75
625,625,1727276304675,-0.9824219,0.21289062,0.06347656,-0.3125,-0.59375,-0.8125
626,626,1727276304715,-0.9892578,0.21777344,0.072265625,-0.1875,-0.4375,-0.46875
627,627,1727276304755,-0.98535156,0.21484375,0.056640625,-0.5,-0.25,-0.53125
628,628,1727276304795,-0.99121094,0.20996094,0.06933594,-0.3125,0.0625,-0.28125
629,629,1727276304835,-0.9863281,0.21875,0.06933594,-0.03125,-0.0625,-0.15625
630,630,1727276304875,-0.98339844,0.20410156,0.0703125,-0.125,-0.4375,-0.21875
631,631,1727276304915,-0.9941406,0.20996094,0.06542969,-0.03125,-0.96875,-0.34375
632,632,1727276304955,-0.9951172,0.203125,0.068359375,0.03125,-0.78125,-0.65625
633,633,1727276304995,-0.98046875,0.20507812,0.0703125,0.46875,-0.53125,-0.46875
634,634,1727276305035,-0.9863281,0.20800781,0.052734375,0.71875,-0.3125,-0.28125
635,635,1727276305075,-0.98535156,0.20898438,0.064453125,0.53125,-0.25,-0.28125
636,636,1727276305115,-0.99316406,0.20507812,0.0703125,0.21875,-0.59375,-0.53125
637,637,1727276305155,-0.9863281,0.20800781,0.072265625,0.03125,-0.71875,-0.46875
638,638,1727276305195,-0.98535156,0.20410156,0.08300781,-0.3125,-0.65625,-0.75
639,639,1727276305235,-0.9892578,0.20410156,0.08105469,-0.25,-0.78125,-0.875
640,640,1727276305275,-0.9941406,0.20800781,0.07128906,-0.09375,-1.03125,-0.75
641,641,1727276305315,-0.9873047,0.20605469,0.07421875,0.15625,-1.09375,-0.8125
642,642,1727276305355,-0.9892578,0.21386719,0.0625,-0.09375,-1.28125,-1.0
643,643,1727276305395,-0.9863281,0.20605469,0.068359375,-0.5,-1.15625,-0.65625
644,644,1727276305435,-0.9863281,0.21289062,0.08300781,-1.3125,-0.84375,-0.21875
645,645,1727276305475,-0.98535156,0.20996094,0.07519531,-1.375,-1.46875,0.09375
646,646,1727276305515,-0.9902344,0.20507812,0.08203125,-2.21875,-2.8125,0.09375
647,647,1727276305555,-0.9892578,0.20898438,0.080078125,-2.15625,-3.46875,0.40625
648,648,1727276305595,-0.97265625,0.20019531,0.080078125,-2.09375,-2.75,-0.03125
649,649,1727276305635,-0.9892578,0.20117188,0.10058594,-1.96875,-2.5,-0.40625
650,650,1727276305675,-0.98535156,0.1875,0.080078125,-2.75,-3.59375,-0.28125
651,651,1727276305715,-0.97265625,0.19628906,0.09765625,-1.0625,-3.84375,0.21875
652,652,1727276305755,-0.98046875,0.21289062,0.087890625,-0.5625,-2.625,0.5625
653,653,1727276305795,-0.9814453,0.1953125,0.09082031,1.21875,-0.59375,0.46875
654,654,1727276305835,-0.9902344,0.19628906,0.10058594,0.40625,-0.4375,0.15625
655,655,1727276305875,-0.984375,0.19433594,0.09472656,0.46875,-0.96875,0.03125
656,656,1727276305915,-0.98339844,0.19726562,0.09667969,0.21875,-1.28125,0.21875
657,657,1727276305955,-0.98339844,0.18847656,0.095703125,2.3125,-0.59375,0.75
658,658,1727276305995,-0.984375,0.20605469,0.09277344,2.90625,-0.4375,1.0625
659,659,1727276306035,-0.99316406,0.20214844,0.10253906,2.3125,-0.53125,0.53125
660,660,1727276306075,-0.9921875,0.19921875,0.099609375,1.9375,-1.46875,0.09375
661,661,1727276306115,-0.98046875,0.203125,0.11230469,0.53125,-1.75,-0.34375
662,662,1727276306155,-0.9765625,0.19824219,0.10058594,2.0625,-1.28125,-0.09375
663,663,1727276306195,-0.9785156,0.20507812,0.10644531,2.0,-0.96875,-0.46875
664,664,1727276306235,-0.98828125,0.203125,0.107421875,1.875,-0.4375,0.03125
665,665,1727276306275,-0.97753906,0.20214844,0.10546875,1.375,-0.375,-0.15625
666,666,1727276306315,-0.99121094,0.20996094,0.09472656,2.0,-0.65625,0.03125
667,667,1727276306355,-0.97558594,0.20703125,0.099609375,1.03125,-1.34375,-0.34375
668,668,1727276306395,-0.97558594,0.20507812,0.11035156,0.96875,-0.25,-0.34375
669,669,1727276306435,-0.9892578,0.20703125,0.095703125,1.4375,0.25,-0.28125
670,670,1727276306475,-0.9824219,0.20410156,0.099609375,0.90625,-0.0625,-0.28125
671,671,1727276306515,-0.98535156,0.20117188,0.09472656,0.59375,-0.0625,-0.28125
672,672,1727276306555,-0.9824219,0.20410156,0.09375,0.78125,0.125,-0.34375
673,673,1727276306595,-0.97558594,0.20800781,0.09082031,0.40625,-0.125,-0.34375
674,674,1727276306635,-0.97558594,0.19824219,0.09765625,0.59375,0.96875,-0.65625
675,675,1727276306675,-0.9863281,0.21289062,0.07910156,0.78125,1.96875,-0.53125
676,676,1727276306715,-0.9902344,0.21289062,0.09277344,0.28125,2.03125,0.40625
677,677,1727276306755,-0.984375,0.21191406,0.083984375,0.59375,1.71875,0.53125
678,678,1727276306795,-0.9892578,0.21289062,0.07714844,0.53125,1.15625,0.9375
679,679,1727276306835,-1.0,0.21875,0.09765625,-0.625,0.6875,0.8125
680,680,1727276306875,-0.9824219,0.19921875,0.07714844,-1.40625,0.625,0.40625
681,681,1727276306915,-0.9863281,0.20410156,0.08886719,-1.53125,0.5,-0.28125
682,682,1727276306955,-0.9814453,0.20703125,0.09472656,-0.625,0.0625,-0.03125
683,683,1727276306995,-0.98339844,0.2109375,0.095703125,-0.8125,0.3125,0.03125
684,684,1727276307035,-0.98339844,0.20703125,0.095703125,-1.125,0.125,-0.03125
685,685,1727276307075,-0.984375,0.21191406,0.09765625,-1.53125,-0.25,0.03125
686,686,1727276307115,-0.98828125,0.19921875,0.09375,-1.1875,-0.53125,-0.03125
687,687,1727276307155,-0.984375,0.20605469,0.09667969,-0.8125,-0.53125,-0.03125
688,688,1727276307195,-0.9902344,0.20605469,0.10058594,0.03125,-0.1875,-0.03125
689,689,1727276307235,-0.98339844,0.20410156,0.111328125,-0.25,-0.46875,-0.15625
690,690,1727276307275,-0.98535156,0.20019531,0.09082031,-0.6875,-0.46875,-0.28125
691,691,1727276307315,-0.98046875,0.20214844,0.09375,-0.4375,-0.4375,-0.28125
692,692,1727276307355,-0.9814453,0.19921875,0.09082031,0.65625,0.0625,-0.03125
693,693,1727276307395,-0.98339844,0.20019531,0.091796875,0.84375,0.125,-0.09375
694,694,1727276307435,-0.9902344,0.20410156,0.08300781,0.71875,-0.1875,-0.21875
695,695,1727276307475,-0.9863281,0.20410156,0.09082031,0.84375,-0.375,-0.46875
696,696,1727276307515,-0.984375,0.20703125,0.08691406,1.3125,-0.3125,-0.40625
697,697,1727276307555,-0.9824219,0.20996094,0.08496094,1.5,-0.25,-0.28125
698,698,1727276307595,-0.9824219,0.20410156,0.09765625,1.15625,-0.125,-0.09375
699,699,1727276307635,-0.9794922,0.20703125,0.08300781,0.96875,0.25,-0.09375
700,700,1727276307675,-0.98828125,0.203125,0.091796875,0.40625,0.25,-0.40625
701,701,1727276307715,-0.9746094,0.20214844,0.09082031,0.40625,0.0625,-0.21875
702,702,1727276307755,-0.9794922,0.19921875,0.09277344,0.53125,0.125,-0.28125
703,703,1727276307795,-0.9863281,0.20507812,0.08984375,0.15625,0.0625,-0.03125
704,704,1727276307835,-0.9746094,0.20410156,0.09667969,0.15625,0.25,0.03125
705,705,1727276307875,-0.99316406,0.21191406,0.08886719,-0.375,0.0625,-0.03125
706,706,1727276307915,-0.9863281,0.20605469,0.087890625,-0.1875,0.0,0.34375
707,707,1727276307955,-0.9902344,0.20507812,0.10449219,-0.1875,0.0625,0.09375
708,708,1727276307995,-0.99902344,0.20703125,0.08984375,-0.6875,-0.375,0.34375
709,709,1727276308035,-0.98828125,0.19335938,0.08496094,-0.25,0.0625,0.28125
710,710,1727276308075,-0.98339844,0.20800781,0.09375,-0.75,-0.4375,-0.15625
711,711,1727276308115,-0.9863281,0.1953125,0.083984375,-0.125,-0.46875,-0.03125
712,712,1727276308155,-0.98046875,0.20410156,0.08203125,-0.125,-0.4375,-0.03125
713,713,1727276308195,-0.98535156,0.19824219,0.08984375,-0.1875,-0.125,0.03125
714,714,1727276308235,-0.9902344,0.20507812,0.08691406,0.34375,0.3125,0.40625
715,715,1727276308275,-0.9863281,0.20605469,0.10253906,-0.09375,0.8125,-0.03125
716,716,1727276308315,-0.9863281,0.20214844,0.08691406,0.28125,-0.25,0.21875
717,717,1727276308355,-0.98339844,0.19824219,0.09472656,0.03125,-0.46875,0.03125
718,718,1727276308395,-0.9863281,0.203125,0.09667969,-0.3125,-0.1875,-0.15625
719,719,1727276308435,-0.9736328,0.20410156,0.099609375,0.40625,-0.1875,-0.03125
720,720,1727276308475,-0.98535156,0.19824219,0.09277344,0.59375,-0.59375,0.28125
721,721,1727276308515,-0.97753906,0.19726562,0.09472656,0.34375,0.125,0.40625
722,722,1727276308555,-0.9794922,0.19628906,0.08496094,0.09375,0.0,-0.09375
723,723,1727276308595,-0.9863281,0.2109375,0.0859375,0.28125,-0.25,-0.09375
724,724,1727276308635,-0.97753906,0.20703125,0.08203125,0.15625,-0.4375,-0.21875
725,725,1727276308675,-0.99316406,0.2109375,0.08496094,0.84375,-0.71875,0.09375
726,726,1727276308715,-0.99316406,0.20117188,0.08886719,0.59375,-0.84375,-0.40625
727,727,1727276308755,-0.98828125,0.20019531,0.083984375,0.03125,-0.0625,-0.65625
728,728,1727276308795,-0.9921875,0.20605469,0.09082031,0.78125,-1.09375,-0.40625
729,729,1727276308835,-0.9863281,0.19824219,0.10058594,0.34375,-0.3125,-0.15625
730,730,1727276308875,-0.984375,0.203125,0.09082031,0.34375,-0.3125,-0.15625
731,731,1727276308915,-0.98535156,0.20703125,0.09765625,0.21875,0.125,-0.15625
732,732,1727276308955,-0.98046875,0.19628906,0.091796875,0.09375,0.0,0.09375
733,733,1727276308995,-0.9765625,0.1953125,0.09667969,0.90625,-0.4375,-0.03125
734,734,1727276309035,-0.984375,0.19824219,0.09472656,1.25,-0.53125,0.21875
735,735,1727276309075,-0.98046875,0.20019531,0.09082031,1.21875,-0.71875,-0.21875
736,736,1727276309115,-0.98535156,0.20507812,0.09375,0.90625,-0.4375,-0.15625
737,737,1727276309155,-0.98828125,0.20605469,0.08691406,0.15625,-0.25,-0.34375
738,738,1727276309195,-0.9814453,0.21679688,0.08300781,-0.5625,0.25,-0.03125
739,739,1727276309235,-0.99316406,0.20703125,0.1015625,-0.875,0.125,0.09375
740,740,1727276309275,-0.97753906,0.20214844,0.107421875,-1.40625,0.1875,0.15625
741,741,1727276309315,-0.9794922,0.20214844,0.09472656,-2.03125,0.0,0.34375
742,742,1727276309355,-0.984375,0.20507812,0.09667969,-1.96875,0.0,0.40625
743,743,1727276309395,-0.98535156,0.20019531,0.11035156,-1.71875,-0.53125,0.40625
744,744,1727276309435,-0.98339844,0.19042969,0.09472656,-0.9375,-0.53125,0.15625
745,745,1727276309475,-0.98339844,0.19042969,0.09765625,-0.75,-0.84375,-0.03125
746,746,1727276309515,-0.98046875,0.19628906,0.08105469,-0.09375,-0.65625,-0.34375
747,747,1727276309555,-0.9814453,0.20214844,0.0859375,0.15625,-0.59375,0.09375
748,748,1727276309595,-0.9765625,0.20410156,0.1015625,0.40625,-0.65625,-0.03125
749,749,1727276309635,-0.984375,0.19921875,0.099609375,0.78125,-0.46875,0.28125
750,750,1727276309675,-0.984375,0.19921875,0.09375,0.28125,-0.1875,0.53125
751,751,1727276309715,-0.97753906,0.19628906,0.09375,0.21875,-0.0625,0.40625
752,752,1727276309755,-0.9824219,0.1953125,0.09277344,0.46875,0.125,0.21875
753,753,1727276309795,-0.98828125,0.19824219,0.103515625,0.71875,0.125,0.34375
754,754,1727276309835,-0.9794922,0.203125,0.09667969,0.84375,-0.25,0.21875
755,755,1727276309875,-0.9902344,0.19921875,0.11230469,0.78125,-0.25,0.21875
756,756,1727276309915,-0.98339844,0.19726562,0.10449219,0.59375,-0.1875,-0.09375
757,757,1727276309955,-0.9892578,0.19824219,0.1015625,0.15625,0.3125,-0.15625
758,758,1727276309995,-0.9892578,0.19628906,0.10253906,0.03125,0.5,-0.09375
759,759,1727276310035,-0.9902344,0.19726562,0.10253906,0.59375,0.4375,0.09375
