,timestamp,accel_x,accel_y,accel_z,gyro_x,gyro_y,gyro_z
0,1727893968509,-0.06616211,-0.6638794,0.05291748,-6.0,-5.703125,-7.390625
1,1727893968549,0.013671875,-0.7149048,-0.29888916,-12.046875,-23.3125,-8.046875
2,1727893968589,0.08081055,-1.0691528,-0.33551025,5.453125,-27.171875,-13.8125
3,1727893968629,-0.30908203,-1.4241333,-0.3057251,12.640625,-13.234375,0.0
4,1727893968669,-0.30664062,-1.242981,-0.13726807,13.65625,1.984375,1.09375
5,1727893968709,-0.122802734,-1.1734009,-0.117248535,8.5,3.46875,-10.578125
6,1727893968749,-0.08520508,-1.1426392,-0.13360596,1.78125,5.328125,-10.53125
7,1727893968789,-0.15234375,-1.02594,-0.16802979,5.109375,2.546875,0.015625
8,1727893968829,-0.14941406,-0.87335205,-0.117248535,4.796875,-2.59375,5.46875
9,1727893968869,-0.12915039,-0.786438,-0.057678223,-1.859375,-6.328125,-0.703125
10,1727893968909,-0.20483398,-0.7276001,-0.044006348,-9.9375,-2.84375,-8.90625
11,1727893968949,-0.010498047,-0.5935669,-0.043273926,-15.6875,-1.53125,-0.46875
12,1727893968989,0.19067383,-0.3928833,-0.2954712,-21.875,-18.9375,6.421875
13,1727893969029,0.27856445,-1.0999146,-0.21466064,-7.265625,-38.5,2.53125
14,1727893969069,-0.23022461,-2.0,-0.17779541,15.015625,-25.09375,-8.3125
15,1727893969109,-0.16772461,-1.2039185,-0.1182251,4.546875,8.515625,9.265625
16,1727893969149,-0.41381836,-1.0298462,-0.06427002,24.75,-10.75,14.390625
17,1727893969189,-0.017578125,-0.7581177,-0.089904785,4.515625,-16.28125,-5.59375
18,1727893969229,-0.037109375,-0.7637329,-0.04083252,2.390625,-13.46875,0.703125
19,1727893969269,-0.056640625,-0.88165283,0.013122559,-7.96875,-1.515625,11.65625
20,1727893969309,0.01977539,-0.7070923,-0.058654785,-4.015625,27.9375,-3.75
21,1727893969349,-0.07470703,-0.15509033,0.055847168,-3.9375,31.390625,-12.125
22,1727893969389,-0.12695312,-0.31304932,-0.55474854,-7.359375,-9.5625,-5.890625
23,1727893969429,-0.37304688,-1.836731,-0.19439697,3.515625,-18.359375,-38.453125
24,1727893969469,0.107910156,-1.9094849,-0.2444458,51.75,-38.53125,42.015625
25,1727893969509,-0.071777344,-1.3845825,-0.12164307,18.796875,27.375,17.125
26,1727893969549,-0.44580078,-0.6663208,-0.101623535,16.9375,19.109375,10.390625
27,1727893969589,-0.15844727,-0.612854,-0.28204346,-4.1875,16.046875,-12.875
28,1727893969629,-0.03149414,-0.88946533,-0.1260376,0.15625,6.3125,4.46875
29,1727893969669,0.020751953,-0.9614868,-0.23297119,-0.046875,-4.921875,3.390625
30,1727893969709,0.007080078,-0.5811157,-0.124572754,-5.21875,-2.0625,0.515625
31,1727893969749,0.021484375,-0.28204346,-0.3328247,-15.328125,-10.6875,8.546875
32,1727893969789,0.16894531,-0.8406372,-0.15386963,-28.984375,-30.75,-10.859375
33,1727893969829,0.10083008,-2.0,-0.17315674,-20.4375,-10.5625,-61.34375
34,1727893969869,-0.24316406,-1.041565,-0.14727783,-14.703125,16.953125,16.21875
35,1727893969909,-0.37524414,-0.87750244,-0.13409424,2.59375,0.71875,23.9375
36,1727893969949,-0.08911133,-0.7920532,-0.09063721,6.0625,-17.046875,-8.0
37,1727893969989,-0.061035156,-0.9085083,0.15838623,6.1875,-9.578125,-10.3125
38,1727893970029,-0.16308594,-1.0283813,0.06854248,-6.015625,-1.265625,5.8125
39,1727893970069,0.041748047,-0.63946533,0.039245605,-12.578125,9.625,7.84375
40,1727893970109,-0.01928711,-0.19342041,0.00091552734,-10.046875,20.0625,-10.0625
41,1727893970149,-0.2529297,-0.34161377,-0.60284424,-10.359375,-13.1875,-16.984375
42,1727893970189,-0.49609375,-2.0,-0.2312622,-13.96875,-5.96875,-49.265625
43,1727893970229,0.28344727,-1.4780884,-0.12310791,19.875,4.5,38.328125
44,1727893970269,-0.17089844,-1.022522,-0.006164551,18.640625,26.75,18.15625
45,1727893970309,-0.25854492,-0.71759033,-0.057434082,0.390625,18.8125,8.640625
46,1727893970349,-0.2241211,-0.7317505,-0.16827393,-4.046875,7.953125,-17.640625
47,1727893970389,-0.041503906,-0.90093994,-0.006652832,-0.5,6.125,8.5
48,1727893970429,-0.07739258,-0.8960571,-0.20465088,-4.390625,-4.375,9.0625
49,1727893970469,0.016357422,-0.58062744,-0.09674072,-3.640625,-2.859375,4.546875
50,1727893970509,0.10864258,-0.36431885,-0.37017822,-9.890625,-17.109375,3.8125
51,1727893970549,0.30859375,-1.3032837,-0.030090332,-32.890625,-19.9375,-9.203125
52,1727893970589,-0.3010254,-2.0,-0.2642212,-0.234375,-27.390625,-6.5625
53,1727893970629,-0.19702148,-1.1521606,-0.10772705,6.453125,2.0,18.4375
54,1727893970669,-0.038330078,-1.067688,0.03729248,-0.875,-28.59375,6.609375
55,1727893970709,-0.30297852,-1.0205688,0.097839355,2.421875,-21.3125,-15.671875
56,1727893970749,-0.38061523,-0.8147583,0.10003662,1.140625,-2.375,-3.125
57,1727893970789,-0.06274414,-0.64727783,0.08831787,-11.921875,17.15625,4.625
58,1727893970829,-0.040039062,-0.22393799,0.046813965,-9.890625,34.640625,-7.671875
59,1727893970869,-0.3244629,-0.0022583008,-0.4512329,-11.75,4.921875,-24.734375
60,1727893970909,-0.3557129,-0.8069458,-0.5713501,11.15625,-0.234375,-43.0625
61,1727893970949,-0.17089844,-2.0,-0.27349854,62.125,-43.4375,44.578125
62,1727893970989,-0.038330078,-0.9690552,0.25286865,28.640625,48.703125,13.40625
63,1727893971029,-0.8652344,-0.93096924,-0.270813,-4.546875,0.65625,17.15625
64,1727893971069,-0.33813477,-0.79107666,-0.1951294,8.234375,16.984375,-18.875
65,1727893971109,-0.14770508,-1.3482056,-0.10992432,-2.890625,13.90625,6.484375
66,1727893971149,-0.1418457,-1.0540161,-0.113586426,-3.734375,20.25,17.0625
67,1727893971189,-0.057373047,-0.37823486,-0.19586182,-7.703125,7.359375,11.390625
68,1727893971229,0.041992188,-0.20904541,0.012390137,-11.203125,1.5625,18.390625
69,1727893971269,0.09667969,-0.04888916,-0.24127197,-22.015625,-10.796875,13.875
70,1727893971309,0.2722168,-1.0689087,-0.012756348,-19.609375,-56.0,-11.265625
71,1727893971349,-0.27612305,-2.0,-0.6929321,34.734375,-28.140625,31.59375
72,1727893971389,-0.07861328,-0.75616455,0.19281006,5.125,39.53125,4.875
73,1727893971429,-0.80371094,-0.9351196,-0.0869751,-1.703125,-15.078125,22.421875
74,1727893971469,-0.09423828,-0.68707275,0.046569824,6.3125,-11.296875,-12.6875
75,1727893971509,-0.1237793,-0.77789307,0.23968506,8.203125,1.71875,-7.296875
76,1727893971549,-0.013916016,-0.8887329,0.09320068,-15.125,0.421875,3.203125
77,1727893971589,0.041992188,-0.5654907,0.070739746,-6.84375,16.328125,-0.015625
78,1727893971629,-0.10888672,-0.29766846,-0.2276001,-9.5,15.453125,-12.3125
79,1727893971669,-0.42114258,-0.81573486,-0.56036377,-11.28125,-15.65625,-23.328125
80,1727893971709,-0.59594727,-2.0,-0.5940552,59.390625,-14.4375,-0.53125
81,1727893971749,0.03125,-1.062561,0.37591553,28.578125,31.390625,2.578125
82,1727893971789,-0.3137207,-1.0420532,-0.019104004,20.375,5.8125,18.8125
83,1727893971829,-0.27197266,-0.647522,-0.17730713,-2.03125,13.5625,-14.046875
84,1727893971869,-0.14526367,-0.7061157,-0.1675415,5.59375,17.375,-8.859375
85,1727893971909,-0.059814453,-0.99884033,-0.08331299,-0.171875,4.65625,9.5
86,1727893971949,-0.045166016,-0.7456665,-0.11773682,-15.640625,-11.59375,1.109375
87,1727893971989,0.04321289,-0.40802002,-0.11968994,-5.703125,-17.875,9.046875
88,1727893972029,-0.115478516,-0.3411255,-0.04425049,-15.078125,-1.0,14.203125
89,1727893972069,0.017333984,-0.5755005,-0.053527832,-18.0625,-25.21875,0.671875
90,1727893972109,-0.4345703,-2.0,-0.41680908,30.90625,-12.953125,-58.28125
91,1727893972149,0.28320312,-1.0664673,-0.024719238,-26.640625,7.390625,23.265625
92,1727893972189,-0.39746094,-1.135315,0.039001465,9.203125,-4.109375,15.90625
93,1727893972229,-0.46118164,-0.8965454,0.022888184,0.375,-39.40625,7.953125
94,1727893972269,0.041748047,-0.9014282,0.048034668,0.9375,-10.171875,0.453125
95,1727893972309,-0.14550781,-0.92974854,0.13079834,-4.765625,5.828125,5.515625
96,1727893972349,-0.059814453,-0.65948486,0.05657959,-9.21875,14.96875,13.109375
97,1727893972389,-0.036621094,-0.3320923,0.010437012,-4.34375,14.875,-1.984375
98,1727893972429,-0.06347656,-0.37994385,0.09051514,5.5,6.671875,-13.734375
99,1727893972469,-0.13867188,-0.79229736,-0.31988525,5.96875,-8.0,-7.03125
100,1727893972509,-0.49829102,-2.0,-0.43780518,26.09375,2.96875,-3.015625
101,1727893972549,-0.068603516,-1.310852,0.29315186,21.46875,12.359375,13.421875
102,1727893972589,-0.122558594,-1.2034302,0.01727295,18.09375,25.640625,0.203125
103,1727893972629,0.037841797,-0.6799927,-0.11920166,10.734375,10.703125,5.71875
104,1727893972669,-0.09423828,-0.7317505,-0.15435791,-2.453125,1.6875,-6.0625
105,1727893972709,-0.21704102,-0.9187622,-0.062316895,4.703125,2.875,2.828125
106,1727893972749,-0.16479492,-0.9541626,-0.051330566,-12.71875,-4.703125,-8.8125
107,1727893972789,0.038330078,-0.4985962,-0.21343994,-15.296875,-3.40625,-1.9375
108,1727893972829,0.10083008,-0.26812744,-0.12017822,-6.6875,0.265625,10.21875
109,1727893972869,0.17651367,-0.927063,0.082214355,-8.5,-36.34375,5.109375
110,1727893972909,-0.25805664,-2.0,-0.487854,30.46875,-18.625,6.4375
111,1727893972949,0.0048828125,-1.0911255,0.012390137,3.125,1.96875,10.203125
112,1727893972989,-0.3190918,-1.0515747,0.0018920898,7.453125,-6.703125,10.90625
113,1727893973029,-0.2421875,-0.8652954,-0.0635376,3.546875,-18.4375,-3.859375
114,1727893973069,-0.020019531,-0.7017212,0.10784912,1.09375,-3.390625,-3.8125
115,1727893973109,-0.08959961,-0.71954346,0.16009521,-1.0625,3.578125,-2.25
116,1727893973149,-0.016601562,-0.51519775,0.07122803,-12.171875,12.609375,1.625
117,1727893973189,0.00024414062,-0.2732544,-0.22418213,-14.734375,6.03125,-7.265625
118,1727893973229,-0.009521484,-0.9890747,-0.16558838,-11.65625,-20.015625,-27.96875
119,1727893973269,-0.3828125,-2.0,-0.49249268,23.640625,-3.484375,19.875
120,1727893973309,-0.15893555,-0.9951782,0.058532715,15.375,25.6875,6.984375
121,1727893973349,-0.43481445,-1.2024536,-0.04107666,-2.84375,11.25,-4.859375
122,1727893973389,-0.17675781,-1.0064087,-0.13848877,-4.03125,15.265625,-15.5625
123,1727893973429,-0.05493164,-0.90875244,0.07757568,0.75,24.84375,-0.234375
124,1727893973469,-0.09887695,-0.800354,-0.06378174,2.921875,7.515625,17.4375
125,1727893973509,-0.040527344,-0.5371704,-0.06695557,-4.34375,3.90625,2.953125
126,1727893973549,0.010009766,-0.30108643,-0.02960205,-9.71875,5.78125,-3.671875
127,1727893973589,0.09814453,-0.34576416,-0.15240479,-25.046875,-16.9375,2.296875
128,1727893973629,0.51342773,-2.0,0.1564331,25.390625,-20.828125,-62.484375
129,1727893973669,-0.30249023,-1.2393188,0.020935059,-20.46875,-8.359375,24.1875
130,1727893973709,-0.20874023,-1.1414185,-0.13360596,-9.5625,-3.09375,16.109375
131,1727893973749,-0.12182617,-1.0420532,0.007751465,16.0,-30.234375,4.546875
132,1727893973789,-0.084228516,-1.0576782,0.16986084,10.921875,-11.03125,-7.140625
133,1727893973829,-0.15600586,-0.97003174,0.23358154,-4.390625,-2.046875,5.5625
134,1727893973869,-0.048095703,-0.755188,0.15325928,-4.4375,6.453125,5.828125
135,1727893973909,0.0546875,-0.15460205,0.050476074,-2.03125,3.578125,-8.40625
136,1727893973949,-0.09375,-0.19366455,-0.09307861,-0.296875,6.25,-15.859375
137,1727893973989,-0.40966797,-0.9956665,-0.31622314,9.78125,-17.296875,-19.609375
138,1727893974029,-0.37939453,-2.0,-0.9180298,52.21875,-13.984375,27.296875
139,1727893974069,0.11743164,-0.7888794,0.40423584,28.828125,37.9375,8.609375
140,1727893974109,-0.4428711,-0.92559814,0.0045776367,10.03125,4.5,13.515625
141,1727893974149,-0.29370117,-0.6555786,-0.15802002,-1.65625,5.734375,-12.015625
142,1727893974189,-0.10083008,-0.71221924,-0.038146973,4.859375,17.8125,-15.1875
143,1727893974229,0.001953125,-0.93829346,-0.028381348,-8.859375,1.15625,11.078125
144,1727893974269,-0.13085938,-0.6165161,-0.1296997,-5.71875,0.65625,1.96875
145,1727893974309,0.08178711,-0.45587158,-0.14385986,-2.703125,-2.703125,-4.71875
146,1727893974349,0.30566406,-0.31817627,-0.20855713,-6.90625,-14.609375,0.96875
147,1727893974389,0.63500977,-2.0,0.1408081,-6.3125,-63.90625,-23.953125
148,1727893974429,-0.49536133,-1.848938,-0.21661377,1.140625,-12.90625,21.921875
149,1727893974469,-0.48461914,-1.0789185,-0.25665283,0.796875,5.421875,13.53125
150,1727893974509,-0.23608398,-0.8677368,0.00018310547,6.453125,-16.5625,9.609375
151,1727893974549,-0.0024414062,-0.8826294,0.13421631,5.46875,-0.6875,-8.8125
152,1727893974589,-0.1328125,-0.77545166,0.12860107,1.03125,7.65625,-1.15625
153,1727893974629,0.015625,-0.5864868,0.18109131,-16.109375,12.734375,6.25
154,1727893974669,0.075927734,-0.37384033,-0.027160645,-16.703125,3.046875,-9.4375
155,1727893974709,0.09887695,-0.59454346,-0.35040283,-31.28125,-29.65625,-20.828125
156,1727893974749,-0.2109375,-2.0,-0.30181885,25.953125,-24.03125,-25.296875
157,1727893974789,-0.52783203,-1.4473267,0.2868042,22.9375,-2.21875,40.03125
158,1727893974829,-0.22851562,-0.9246216,-0.024230957,-4.03125,21.125,4.28125
159,1727893974869,-0.18652344,-0.95196533,-0.02178955,-1.3125,14.953125,-3.09375
160,1727893974909,-0.14428711,-1.0454712,-0.044006348,-8.890625,29.640625,-16.828125
161,1727893974949,-0.026611328,-0.77056885,-0.093322754,5.3125,24.25,10.3125
162,1727893974989,0.008300781,-0.5991821,0.00091552734,5.375,2.734375,14.640625
163,1727893975029,-0.047607422,-0.5498657,-0.20758057,-2.59375,-13.625,-3.1875
164,1727893975069,0.037597656,-0.50909424,0.010681152,2.53125,0.5625,-6.71875
165,1727893975109,0.1418457,-0.82769775,-0.17828369,-8.65625,-14.109375,-4.421875
166,1727893975149,0.09033203,-2.0,-0.00079345703,14.796875,-24.53125,-17.234375
167,1727893975189,-0.21899414,-1.4771118,-0.26397705,-2.375,-17.359375,17.8125
168,1727893975229,-0.16992188,-1.3567505,-0.020324707,0.0625,-4.734375,12.515625
169,1727893975269,-0.22216797,-1.0444946,0.04925537,2.859375,-20.875,-6.984375
170,1727893975309,-0.29882812,-0.772522,0.15570068,3.140625,4.46875,-9.234375
171,1727893975349,-0.17602539,-0.74713135,0.16009521,-14.171875,5.8125,-2.734375
172,1727893975389,0.13647461,-0.5618286,0.07952881,-18.484375,10.703125,-1.78125
173,1727893975429,-0.033691406,-0.21832275,-0.008850098,1.265625,14.984375,-8.171875
174,1727893975469,-0.21459961,-0.28497314,-0.47833252,-16.859375,-3.515625,-10.359375
175,1727893975509,-0.55566406,-2.0,-0.32647705,22.921875,-1.296875,-53.453125
176,1727893975549,0.5114746,-1.1416626,0.3192749,10.953125,6.8125,34.0625
177,1727893975589,-0.19165039,-1.1428833,0.07537842,11.28125,22.578125,10.3125
178,1727893975629,-0.34301758,-0.803772,0.02923584,4.4375,10.296875,9.390625
179,1727893975669,-0.123046875,-0.65826416,-0.14630127,-7.0625,8.0625,-27.5
180,1727893975709,-0.071777344,-1.0410767,-0.013244629,-10.234375,10.765625,7.796875
181,1727893975749,-0.087402344,-0.9092407,-0.11627197,-11.34375,-4.71875,7.671875
182,1727893975789,-0.0126953125,-0.50079346,-0.06866455,-2.765625,12.65625,0.25
183,1727893975829,0.016601562,-0.22808838,-0.013244629,-3.0,-3.359375,8.71875
184,1727893975869,0.1887207,-0.57647705,0.031677246,-11.53125,-23.65625,12.0
185,1727893975909,-0.111328125,-2.0,-0.61505127,24.0625,-35.765625,-12.03125
186,1727893975949,-0.08105469,-0.8945923,0.30413818,4.6875,25.171875,8.453125
187,1727893975989,-0.5349121,-0.93951416,-0.00592041,2.640625,-12.1875,18.953125
188,1727893976029,-0.23144531,-0.6560669,0.038513184,9.75,-18.09375,-10.84375
189,1727893976069,-0.072509766,-0.91485596,0.1749878,11.484375,-1.625,-6.515625
190,1727893976109,-0.0026855469,-0.9937134,0.12054443,-10.078125,7.296875,0.4375
191,1727893976149,0.049316406,-0.5383911,0.097595215,-2.09375,26.25,1.03125
192,1727893976189,-0.13354492,-0.13580322,-0.1897583,-0.15625,20.03125,-6.03125
193,1727893976229,-0.37304688,-0.4697876,-0.45074463,-10.015625,-24.078125,-9.09375
194,1727893976269,-0.63061523,-2.0,-0.7630005,53.5625,1.203125,-24.171875
195,1727893976309,0.30395508,-0.9212036,0.63983154,16.875,32.609375,4.46875
196,1727893976349,-0.24243164,-0.7608032,0.00579834,16.65625,13.390625,14.15625
197,1727893976389,-0.24389648,-0.50250244,-0.11456299,-13.453125,0.375,2.296875
198,1727893976429,-0.13208008,-0.56329346,-0.15875244,-0.0625,8.953125,-14.203125
199,1727893976469,-0.099609375,-1.0315552,-0.05279541,-3.203125,-4.5625,4.609375
200,1727893976509,-0.10180664,-1.0286255,-0.124816895,-12.625,-0.515625,-7.828125
201,1727893976549,0.03881836,-0.66070557,-0.109436035,-5.296875,-3.296875,0.53125
202,1727893976589,0.00048828125,-0.6008911,-0.20220947,-13.84375,-9.0,9.40625
203,1727893976629,0.107666016,-1.4273071,-0.0015258789,-7.03125,-18.359375,3.640625
204,1727893976669,-0.20092773,-1.8042603,-0.31378174,3.515625,-3.703125,6.515625
205,1727893976709,-0.107421875,-1.0752563,0.043884277,-1.0,11.375,13.9375
206,1727893976749,-0.06201172,-0.923645,0.14447021,7.296875,-9.625,9.5
207,1727893976789,-0.29248047,-0.8838501,0.04144287,6.109375,-12.3125,-0.59375
208,1727893976829,-0.16699219,-0.8101196,0.09173584,-0.59375,7.828125,4.0625
209,1727893976869,0.0021972656,-0.71539307,0.14837646,-6.0,15.890625,-2.796875
210,1727893976909,-0.007080078,-0.53131104,0.03729248,-10.078125,17.09375,-18.1875
211,1727893976949,-0.15283203,-0.47955322,-0.4631958,-22.203125,4.515625,-16.125
212,1727893976989,-0.21728516,-1.4561157,-0.19342041,9.140625,-3.59375,-20.421875
213,1727893977029,-0.23803711,-1.5652466,-0.028381348,24.96875,2.5625,31.015625
214,1727893977069,-0.2319336,-1.2285767,0.26263428,24.34375,19.328125,1.734375
215,1727893977109,-0.28955078,-0.98760986,-0.113586426,8.15625,19.640625,-1.859375
216,1727893977149,-0.12133789,-0.7962036,-0.038391113,5.609375,21.203125,3.703125
217,1727893977189,-0.17993164,-0.67022705,-0.0635376,1.890625,28.578125,10.34375
218,1727893977229,-0.1027832,-0.65582275,-0.12408447,-12.375,4.984375,1.59375
219,1727893977269,-0.10229492,-0.8543091,-0.077697754,-12.1875,9.390625,-17.296875
220,1727893977309,-0.15527344,-0.70440674,0.11883545,-5.4375,1.484375,-8.296875
221,1727893977349,-0.091796875,-0.42144775,-0.10870361,-8.03125,12.0625,12.375
222,1727893977389,0.40698242,-1.117981,0.36224365,-20.453125,-29.984375,7.59375
223,1727893977429,-0.15405273,-2.0,-0.87872314,21.0625,-29.5,15.734375
224,1727893977469,-0.3708496,-1.1416626,0.5009155,-3.1875,54.546875,12.0
225,1727893977509,-0.60424805,-0.5154419,-0.14605713,17.78125,-26.75,13.671875
226,1727893977549,0.013427734,-0.38848877,0.2218628,13.65625,-11.71875,-5.265625
227,1727893977589,-0.2861328,-0.8814087,0.15789795,22.578125,-5.15625,-3.15625
228,1727893977629,0.046875,-0.9649048,0.12005615,-17.921875,-9.703125,-7.296875
229,1727893977669,0.1484375,-0.48443604,0.06536865,-4.15625,20.03125,-11.3125
230,1727893977709,-0.1496582,-0.26519775,-0.24737549,0.125,3.640625,-7.765625
231,1727893977749,-0.65625,-1.2359009,-0.39605713,-41.75,-15.421875,-1.265625
232,1727893977789,-0.35986328,-2.0,-0.7996216,76.140625,-35.890625,8.875
233,1727893977829,-0.21948242,-1.2935181,0.40838623,20.078125,36.4375,2.65625
234,1727893977869,-0.52197266,-0.89630127,0.031188965,13.4375,14.96875,16.953125
235,1727893977909,-0.05053711,-0.5256958,-0.13726807,-13.3125,2.9375,-9.4375
236,1727893977949,0.013183594,-0.96221924,-0.039611816,8.015625,12.328125,3.5
237,1727893977989,-0.19213867,-1.0750122,-0.09918213,-14.984375,1.46875,-4.1875
238,1727893978029,-0.12402344,-0.6087036,-0.16192627,-14.875,2.328125,0.015625
239,1727893978069,0.010253906,-0.26593018,0.047058105,-6.25,3.671875,7.921875
240,1727893978109,0.1809082,-0.2852173,-0.21588135,2.734375,-21.484375,8.03125
241,1727893978149,0.34594727,-2.0,0.12445068,10.9375,-45.640625,-32.078125
242,1727893978189,-0.07006836,-1.4631958,-0.2312622,-16.828125,-12.28125,24.140625
243,1727893978229,-0.23706055,-0.972229,0.024841309,-2.8125,1.890625,15.234375
244,1727893978269,-0.1862793,-0.69000244,0.043640137,16.09375,-42.203125,0.8125
245,1727893978309,-0.16455078,-0.704895,0.09979248,4.265625,-12.921875,-5.265625
246,1727893978349,-0.29418945,-0.704895,0.13568115,-7.25,-2.328125,-3.171875
247,1727893978389,0.119384766,-0.70684814,0.1071167,-15.90625,1.6875,-9.5
248,1727893978429,0.12011719,-0.5498657,0.041931152,-1.484375,3.0625,-8.953125
249,1727893978469,-0.18237305,-0.68096924,-0.46759033,-11.78125,-26.78125,-10.21875
250,1727893978509,-0.8100586,-2.0,-0.5215454,8.953125,1.828125,-36.453125
251,1727893978549,0.14868164,-1.2012329,0.2345581,43.796875,27.859375,40.390625
252,1727893978589,0.0036621094,-1.2307739,0.1876831,16.09375,15.296875,22.15625
253,1727893978629,-0.3876953,-0.8128052,0.0067749023,2.203125,15.15625,-11.78125
254,1727893978669,-0.13964844,-0.7402954,-0.101867676,-5.5625,13.375,-17.265625
255,1727893978709,0.0043945312,-0.81256104,-0.21783447,-1.3125,2.375,13.5
256,1727893978749,-0.0793457,-0.7017212,-0.12237549,-15.046875,-2.65625,-0.890625
257,1727893978789,-0.09375,-0.6392212,-0.09527588,-8.34375,0.796875,-9.546875
258,1727893978829,0.0625,-0.5510864,-0.24151611,-3.328125,-13.328125,0.65625
259,1727893978869,0.4423828,-1.5842896,0.1630249,6.1875,-19.140625,-3.796875
260,1727893978909,-0.27563477,-1.8811646,-0.26324463,-5.5,-27.625,13.359375
261,1727893978949,-0.19384766,-0.9944458,-0.17584229,7.234375,0.328125,8.828125
262,1727893978989,-0.11254883,-0.8779907,0.09539795,14.015625,-19.4375,8.609375
263,1727893979029,-0.038330078,-0.87457275,0.17889404,5.140625,-27.71875,-8.296875
264,1727893979069,-0.18310547,-0.8279419,0.19573975,-10.734375,-19.375,-4.546875
265,1727893979109,-0.14648438,-0.7798462,0.07244873,-21.25,-2.328125,-11.65625
266,1727893979149,-0.05444336,-0.3809204,-0.028137207,2.4375,4.109375,-8.46875
267,1727893979189,-0.038085938,-0.43927002,-0.3916626,4.703125,-3.75,-3.578125
268,1727893979229,-0.4814453,-1.9732056,-0.36968994,16.59375,-0.125,-22.03125
269,1727893979269,-0.16064453,-1.4343872,0.047546387,32.78125,21.703125,17.65625
270,1727893979309,-0.14331055,-1.2124634,0.030212402,8.515625,37.625,2.109375
271,1727893979349,-0.2019043,-0.9961548,-0.097961426,2.71875,21.03125,-0.28125
272,1727893979389,-0.10546875,-0.81915283,-0.050842285,0.625,17.453125,0.71875
273,1727893979429,-0.08862305,-0.57598877,-0.121154785,-0.421875,14.9375,14.828125
274,1727893979469,-0.0034179688,-0.6087036,-0.0335083,-19.703125,3.390625,12.09375
275,1727893979509,0.030517578,-0.6038208,-0.117004395,-12.65625,-8.421875,-2.0625
276,1727893979549,0.047607422,-0.34014893,-0.0010375977,-10.53125,-4.25,3.96875
277,1727893979589,0.2524414,-0.64141846,-0.22052002,-9.875,-35.828125,16.703125
278,1727893979629,0.30737305,-2.0,-0.9612427,32.96875,-48.78125,-17.953125
279,1727893979669,-0.43481445,-1.2078247,0.19500732,-22.90625,32.546875,15.578125
280,1727893979709,-0.3623047,-0.7979126,0.14007568,17.671875,-37.265625,7.65625
281,1727893979749,0.059570312,-1.0847778,0.0040893555,9.421875,-38.03125,-6.890625
282,1727893979789,-0.24414062,-1.0491333,0.09124756,2.75,-13.890625,-5.578125
283,1727893979829,-0.048095703,-0.756897,0.19451904,-21.46875,-5.34375,-7.765625
284,1727893979869,-0.013671875,-0.4348755,-0.05670166,-0.734375,9.5625,-20.234375
285,1727893979909,-0.096191406,-0.331604,0.08538818,-5.75,10.203125,-15.015625
286,1727893979949,-0.24682617,-0.34429932,-0.5315552,-0.453125,-18.5,-5.390625
287,1727893979989,-0.23950195,-1.5066528,-0.24810791,-17.40625,-15.90625,-23.421875
288,1727893980029,-0.10864258,-1.991272,-0.07891846,42.296875,-14.5,4.078125
289,1727893980069,-0.3894043,-1.3001099,0.1618042,26.71875,56.734375,1.8125
290,1727893980109,-0.064453125,-0.8101196,-0.0020141602,46.359375,8.953125,11.1875
291,1727893980149,-0.15258789,-0.84991455,-0.069885254,-6.046875,17.828125,5.46875
292,1727893980189,-0.26635742,-0.7227173,-0.11968994,-22.34375,14.0625,14.546875
293,1727893980229,-0.19580078,-0.69000244,-0.25250244,-9.90625,3.03125,3.1875
294,1727893980269,-0.04663086,-0.69488525,-0.04864502,-9.140625,6.640625,-1.5625
295,1727893980309,-0.0068359375,-0.5256958,-0.11090088,-5.890625,10.078125,2.359375
296,1727893980349,-0.03100586,-0.9417114,-0.046936035,-38.796875,3.609375,5.59375
297,1727893980389,0.21289062,-2.0,-0.27642822,19.125,-32.640625,8.96875
298,1727893980429,-0.009033203,-1.3945923,-0.08258057,18.90625,-5.53125,-9.65625
299,1727893980469,-0.08618164,-1.022522,0.008483887,-3.8125,-25.875,-2.609375
300,1727893980509,-0.18408203,-0.7280884,0.0021362305,3.421875,-39.265625,0.59375
301,1727893980549,-0.29760742,-0.6860962,0.041931152,2.28125,-23.03125,3.84375
302,1727893980589,-0.25463867,-0.67755127,0.08660889,-9.828125,-13.9375,1.203125
303,1727893980629,-0.10571289,-0.6096802,0.0914917,-1.359375,2.71875,-10.0625
304,1727893980669,-0.15844727,-0.55059814,0.0053100586,13.234375,13.953125,-6.609375
305,1727893980709,-0.27905273,-0.71881104,-0.395813,-21.078125,7.078125,-6.953125
306,1727893980749,-0.5554199,-1.8464966,-0.37823486,-18.3125,10.5625,-0.671875
307,1727893980789,-0.014160156,-1.6460571,0.09100342,43.296875,18.859375,9.9375
308,1727893980829,-0.1381836,-1.2051392,-0.21710205,52.859375,34.75,-4.28125
309,1727893980869,-0.0793457,-0.76104736,0.05706787,6.90625,18.171875,2.25
310,1727893980909,-0.18164062,-0.6240845,-0.08062744,-19.875,18.21875,13.8125
311,1727893980949,-0.16308594,-0.59991455,-0.12384033,-11.046875,14.96875,20.625
312,1727893980989,-0.125,-0.6680298,-0.17022705,1.515625,-4.328125,5.953125
313,1727893981029,0.03857422,-0.67681885,0.022155762,-19.71875,-3.65625,-5.703125
314,1727893981069,-0.072265625,-0.52178955,-0.09234619,12.765625,0.1875,-7.03125
315,1727893981109,-0.09741211,-0.6604614,-0.30621338,-17.5625,-11.4375,1.734375
316,1727893981149,0.056640625,-2.0,-0.3892212,62.046875,-41.671875,17.953125
317,1727893981189,0.17504883,-1.5449829,-0.13336182,64.515625,-3.0625,-9.453125
318,1727893981229,-0.34204102,-0.8833618,-0.061828613,-45.46875,2.5625,8.234375
319,1727893981269,-0.32006836,-0.8833618,-0.03765869,-7.765625,-41.84375,7.765625
320,1727893981309,-0.26513672,-0.90093994,-0.0025024414,3.796875,-11.296875,-1.796875
321,1727893981349,-0.07910156,-0.7366333,0.0993042,-14.5,-3.84375,-3.84375
322,1727893981389,-0.016845703,-0.4019165,-0.008361816,-16.03125,13.296875,-12.53125
323,1727893981429,-0.1015625,-0.3118286,0.018005371,-4.484375,16.609375,-13.359375
324,1727893981469,-0.17993164,-0.5088501,-0.3352661,16.34375,-0.53125,-9.640625
325,1727893981509,-0.45288086,-1.6734009,-0.47491455,-33.890625,2.328125,-1.90625
326,1727893981549,-0.28100586,-2.0,-0.286438,27.171875,-7.859375,7.78125
327,1727893981589,-0.24536133,-1.4509888,-0.047668457,57.828125,49.25,-9.390625
328,1727893981629,0.0063476562,-0.83721924,0.10809326,22.828125,27.3125,4.546875
329,1727893981669,-0.07299805,-0.53302,-0.022033691,-21.015625,20.515625,8.0
330,1727893981709,-0.20214844,-0.46759033,-0.16290283,-26.828125,16.984375,23.515625
331,1727893981749,-0.23803711,-0.60650635,-0.1494751,-8.765625,7.453125,6.234375
332,1727893981789,-0.16503906,-0.6553345,-0.14776611,-3.15625,0.8125,-9.234375
333,1727893981829,0.0009765625,-0.5081177,0.038024902,2.625,6.15625,-5.734375
334,1727893981869,0.059570312,-0.8538208,-0.31744385,1.5,-16.171875,-0.703125
335,1727893981909,0.3647461,-2.0,-0.6165161,53.25,-41.703125,-1.140625
336,1727893981949,-0.06323242,-1.5791626,-0.18145752,27.125,2.953125,5.65625
337,1727893981989,-0.34570312,-1.0383911,-0.109680176,-16.625,-1.796875,14.140625
338,1727893982029,-0.27392578,-0.9612427,-0.047912598,5.171875,-30.21875,1.734375
339,1727893982069,-0.31225586,-0.7937622,0.019714355,-0.59375,-1.65625,-4.53125
340,1727893982109,-0.17578125,-0.6235962,0.050231934,-16.875,10.171875,0.953125
341,1727893982149,0.029052734,-0.41607666,0.03656006,-12.171875,20.578125,-8.03125
342,1727893982189,-0.030761719,-0.5413208,0.027038574,-0.703125,16.015625,-12.84375
343,1727893982229,-0.13427734,-0.71954346,-0.47955322,10.75,-8.015625,-14.9375
344,1727893982269,-0.44628906,-1.6914673,-0.5083618,-23.609375,-0.0625,-17.15625
345,1727893982309,-0.23339844,-1.78302,-0.24371338,29.796875,5.5625,7.171875
346,1727893982349,-0.15966797,-1.2175903,-0.08868408,61.046875,37.71875,-3.140625
347,1727893982389,-0.15258789,-0.85601807,0.03753662,23.296875,16.890625,-3.9375
348,1727893982429,-0.16723633,-0.77301025,-0.014709473,-22.96875,10.109375,9.59375
349,1727893982469,-0.05810547,-0.6795044,-0.11871338,-34.828125,10.359375,21.515625
350,1727893982509,-0.056396484,-0.65948486,-0.17266846,-11.84375,-8.609375,4.375
351,1727893982549,-0.05053711,-0.7041626,-0.18927002,-0.453125,-17.65625,-0.59375
352,1727893982589,-0.12084961,-0.6013794,-0.13702393,7.90625,-11.59375,0.65625
353,1727893982629,-0.052001953,-1.1531372,-0.11846924,-4.84375,-17.6875,6.59375
354,1727893982669,0.103271484,-1.8240356,-0.21124268,27.90625,-22.25,0.609375
355,1727893982709,-0.1003418,-1.4834595,-0.24493408,10.234375,-23.515625,0.984375
356,1727893982749,-0.09350586,-1.1460571,-0.159729,-12.25,-27.921875,7.0
357,1727893982789,-0.17944336,-0.9871216,0.008483887,5.96875,-27.484375,8.296875
358,1727893982829,-0.27416992,-0.8220825,-0.0154418945,2.296875,-10.390625,8.421875
359,1727893982869,-0.1081543,-0.5862427,0.03289795,-17.71875,-1.484375,4.5
360,1727893982909,-0.059326172,-0.49957275,-0.006652832,-13.796875,8.75,-8.40625
361,1727893982949,-0.041748047,-0.32354736,-0.00030517578,1.890625,12.9375,-13.5625
362,1727893982989,-0.26220703,-0.4824829,-0.45025635,-12.171875,-0.953125,-9.859375
363,1727893983029,-0.41723633,-2.0,-0.30352783,-1.71875,-14.015625,-14.53125
364,1727893983069,-0.13989258,-1.6521606,-0.08306885,43.25,7.828125,3.640625
365,1727893983109,-0.25463867,-1.217102,-0.21221924,47.984375,33.78125,2.6875
366,1727893983149,-0.05908203,-0.80914307,-0.046447754,6.125,25.484375,10.21875
367,1727893983189,-0.22094727,-0.7505493,-0.082336426,-13.671875,31.59375,14.765625
368,1727893983229,-0.20288086,-0.7905884,-0.21514893,-10.375,19.625,9.734375
369,1727893983269,-0.09399414,-0.64068604,-0.19781494,-14.640625,7.71875,-1.890625
370,1727893983309,0.045166016,-0.52349854,0.0072631836,-3.265625,7.625,-1.359375
371,1727893983349,0.021972656,-0.40582275,-0.43414307,-0.46875,-16.421875,0.171875
372,1727893983389,0.23022461,-1.7913208,0.14276123,12.359375,-40.3125,7.828125
373,1727893983429,0.11230469,-1.7913208,-0.46392822,4.625,-24.4375,0.125
374,1727893983469,-0.07861328,-1.3501587,-0.32183838,0.546875,-0.828125,11.234375
375,1727893983509,-0.25585938,-0.7593384,-0.04840088,2.828125,-10.578125,15.53125
376,1727893983549,-0.14916992,-0.6838989,0.026062012,17.140625,-14.59375,0.890625
377,1727893983589,-0.25097656,-0.7424927,0.12054443,15.953125,-10.3125,-6.15625
378,1727893983629,-0.008300781,-0.7744751,0.018249512,-23.59375,-6.046875,-12.109375
379,1727893983669,0.0056152344,-0.4841919,-0.13726807,-23.71875,12.40625,-16.1875
380,1727893983709,-0.053955078,-0.585022,-0.5425415,-17.5,10.40625,-13.578125
381,1727893983749,-0.32714844,-1.552063,-0.34429932,17.96875,10.40625,-2.734375
382,1727893983789,-0.17993164,-1.6846313,-0.14678955,45.046875,6.5625,7.515625
383,1727893983829,-0.06298828,-1.300354,-0.17681885,35.734375,18.0,-4.265625
384,1727893983869,-0.15673828,-0.85723877,-0.14605713,-16.5625,20.75,-4.234375
385,1727893983909,-0.15893555,-0.8218384,-0.10235596,-29.875,24.421875,5.890625
386,1727893983949,-0.103271484,-0.612854,-0.12530518,-26.484375,27.25,8.671875
387,1727893983989,-0.11816406,-0.53790283,-0.19171143,-5.171875,5.0,4.71875
388,1727893984029,0.053222656,-0.56427,-0.058654785,-0.96875,4.125,-1.765625
389,1727893984069,0.09814453,-0.60894775,-0.3838501,6.5625,-5.390625,-5.921875
390,1727893984109,0.3486328,-1.8154907,0.03753662,-3.78125,-31.390625,-3.15625
391,1727893984149,0.0056152344,-1.486145,-0.44488525,-26.6875,-43.1875,-4.125
392,1727893984189,-0.022949219,-1.3792114,-0.2029419,-11.796875,-21.46875,11.46875
393,1727893984229,-0.24438477,-1.048645,0.09613037,-4.421875,-32.15625,4.140625
394,1727893984269,-0.30004883,-0.8850708,-0.004699707,8.15625,-40.453125,-6.09375
395,1727893984309,-0.24975586,-0.7202759,0.15863037,-3.203125,-19.0,-8.5
396,1727893984349,-0.16064453,-0.47003174,0.020690918,-13.3125,-1.421875,-6.53125
397,1727893984389,-0.052978516,-0.24127197,0.02508545,-2.96875,16.234375,-8.703125
398,1727893984429,-0.09057617,-0.222229,-0.38409424,0.296875,11.3125,-12.9375
399,1727893984469,-0.43115234,-1.8364868,-0.18218994,-53.421875,-19.046875,7.453125
400,1727893984509,-0.05029297,-2.0,-0.36505127,-18.15625,0.46875,46.640625
401,1727893984549,-0.3486328,-1.1375122,0.11077881,67.984375,44.6875,6.953125
402,1727893984589,0.016601562,-0.6633911,0.003112793,17.109375,0.1875,5.421875
403,1727893984629,-0.07543945,-0.43585205,-0.012023926,-22.046875,10.890625,-3.75
404,1727893984669,-0.07421875,-0.65704346,-0.13702393,8.828125,-5.265625,11.4375
405,1727893984709,-0.009765625,-0.8447876,-0.089660645,18.296875,-17.21875,0.203125
406,1727893984749,-0.10473633,-0.76519775,-0.18463135,-9.28125,-20.421875,-20.21875
407,1727893984789,-0.1550293,-0.67633057,-0.31378174,-9.15625,-16.828125,-14.15625
408,1727893984829,0.05053711,-1.3233032,-0.008605957,-16.375,-11.59375,7.296875
409,1727893984869,0.5432129,-2.0,-0.22320557,20.921875,-26.0625,-0.65625
410,1727893984909,-0.076660156,-1.2573853,-0.33306885,15.53125,-13.78125,-4.921875
411,1727893984949,-0.25878906,-0.8701782,0.01776123,-16.21875,-12.265625,15.953125
412,1727893984989,-0.23876953,-0.881897,0.04510498,16.390625,-22.734375,4.90625
413,1727893985029,-0.2277832,-0.74420166,0.090026855,-0.984375,-10.4375,-2.234375
414,1727893985069,-0.040527344,-0.58673096,0.15545654,-9.796875,-6.875,-6.921875
415,1727893985109,-0.13671875,-0.53912354,0.03778076,-7.59375,9.625,-18.546875
416,1727893985149,-0.08325195,-0.48272705,0.06414795,14.03125,19.296875,-11.828125
417,1727893985189,-0.14746094,-0.6030884,-0.43585205,-9.40625,22.5625,-16.359375
418,1727893985229,-0.45385742,-1.2459106,-0.5064087,-59.828125,-1.890625,-13.546875
419,1727893985269,-0.24853516,-2.0,-0.25079346,42.515625,0.0625,23.6875
420,1727893985309,-0.17016602,-1.4160767,-0.097717285,99.921875,52.34375,-11.5625
421,1727893985349,-0.052001953,-0.8464966,0.113708496,8.859375,12.375,-19.65625
422,1727893985389,-0.09423828,-0.61383057,-0.031311035,-11.140625,18.671875,-0.375
423,1727893985429,-0.03881836,-0.6326294,-0.20074463,-30.796875,21.421875,25.515625
424,1727893985469,-0.20532227,-0.78985596,-0.081848145,-2.375,3.96875,11.28125
425,1727893985509,-0.24633789,-0.66290283,-0.15777588,1.234375,-13.46875,-7.609375
426,1727893985549,-0.1538086,-0.66729736,-0.08258057,3.828125,-6.65625,-6.015625
427,1727893985589,-0.084472656,-0.6502075,-0.27911377,1.796875,-1.875,-2.140625
428,1727893985629,-0.032714844,-1.4331665,-0.3213501,-46.25,-22.453125,12.890625
429,1727893985669,0.35986328,-2.0,-0.21661377,29.0,-20.125,2.328125
430,1727893985709,-0.14453125,-1.1445923,-0.26885986,7.640625,-13.421875,-6.46875
431,1727893985749,-0.3815918,-0.7515259,-0.051086426,-26.890625,-28.84375,20.578125
432,1727893985789,-0.30566406,-0.72369385,0.0067749023,-4.59375,-20.03125,13.609375
433,1727893985829,-0.26635742,-0.7703247,0.06439209,6.28125,-9.625,3.625
434,1727893985869,-0.06201172,-0.7805786,0.15985107,-0.625,-5.46875,-7.359375
435,1727893985909,-0.045898438,-0.6050415,0.10491943,-3.09375,3.375,-15.921875
436,1727893985949,-0.10986328,-0.5593872,-0.074035645,9.65625,16.6875,-6.9375
437,1727893985989,-0.22363281,-0.8081665,-0.4805298,-17.078125,10.296875,-7.828125
438,1727893986029,-0.60546875,-2.0,-0.50787354,-20.359375,-5.3125,8.75
439,1727893986069,-0.080566406,-1.8262329,0.14837646,64.5,23.15625,13.546875
440,1727893986109,-0.13110352,-0.928772,-0.2468872,50.140625,32.078125,-5.3125
441,1727893986149,-0.0847168,-0.68096924,-0.08111572,-6.328125,18.640625,-7.71875
442,1727893986189,-0.020996094,-0.62945557,-0.02935791,-19.46875,23.78125,5.765625
443,1727893986229,-0.084472656,-0.63848877,-0.07672119,-7.96875,12.0625,14.09375
444,1727893986269,-0.13647461,-0.81695557,-0.053771973,-6.609375,-6.6875,4.140625
445,1727893986309,-0.18457031,-0.80059814,-0.08282471,-11.390625,-7.0,-6.78125
446,1727893986349,-0.088378906,-0.78009033,-0.04083252,10.15625,2.734375,0.828125
447,1727893986389,-0.14624023,-1.1524048,-0.48150635,-30.0625,-17.671875,-1.796875
448,1727893986429,0.421875,-2.0,-0.33843994,17.84375,-25.59375,21.96875
449,1727893986469,0.15771484,-1.4978638,-0.3303833,53.765625,11.015625,-14.3125
450,1727893986509,-0.27734375,-0.77667236,-0.14971924,-10.328125,-22.640625,7.203125
451,1727893986549,-0.27514648,-0.58843994,-0.05206299,-9.234375,-26.46875,21.265625
452,1727893986589,-0.36035156,-0.6421509,0.014099121,1.578125,-12.671875,9.0625
453,1727893986629,-0.20043945,-0.74298096,0.04071045,-15.90625,-5.984375,3.0625
454,1727893986669,-0.018310547,-0.6946411,0.036071777,-17.96875,7.46875,-12.3125
455,1727893986709,-0.07104492,-0.5586548,0.07757568,-8.859375,16.359375,-11.03125
456,1727893986749,0.0,-0.69659424,-0.025939941,14.359375,21.9375,-7.015625
457,1727893986789,-0.2770996,-0.7654419,-0.5523071,-29.890625,-4.9375,-22.203125
458,1727893986829,-0.80444336,-2.0,-0.8242798,6.453125,-22.875,20.640625
459,1727893986869,0.19995117,-1.819397,0.06585693,52.640625,41.75,11.828125
460,1727893986909,0.00390625,-0.8088989,-0.054016113,64.6875,43.3125,-11.9375
461,1727893986949,0.034179688,-0.62750244,-0.077697754,7.390625,1.03125,-7.3125
462,1727893986989,-0.115722656,-0.5840454,-0.113098145,-22.03125,11.78125,17.265625
463,1727893987029,-0.17749023,-0.7390747,-0.15411377,-16.1875,0.953125,20.25
464,1727893987069,-0.2536621,-0.7715454,-0.14630127,-3.875,-6.15625,0.4375
465,1727893987109,-0.14770508,-0.6079712,-0.08868408,-5.921875,-8.390625,-8.296875
466,1727893987149,-0.038330078,-0.6890259,-0.0869751,15.234375,12.0625,-0.015625
467,1727893987189,0.021240234,-1.092102,-0.40826416,-30.078125,-5.53125,-1.328125
468,1727893987229,0.5866699,-2.0,-0.2625122,24.875,-23.375,11.46875
469,1727893987269,0.03491211,-1.413147,-0.37286377,16.25,10.75,-16.234375
470,1727893987309,-0.25439453,-0.88482666,-0.12384033,-25.0,-22.890625,10.3125
471,1727893987349,-0.23999023,-0.7600708,-0.070617676,1.40625,-23.5625,5.890625
472,1727893987389,-0.27807617,-0.68707275,0.043151855,-4.4375,-11.828125,-1.34375
473,1727893987429,-0.07885742,-0.6865845,0.062438965,-14.8125,-7.828125,2.984375
474,1727893987469,-0.027832031,-0.5508423,0.018249512,-16.65625,5.46875,-7.890625
475,1727893987509,-0.119140625,-0.5276489,0.058044434,-8.703125,17.34375,-11.5
476,1727893987549,-0.099853516,-0.57354736,-0.12677002,23.34375,14.953125,-9.65625
477,1727893987589,-0.48876953,-1.2090454,-0.44805908,-60.5625,-10.9375,-22.6875
478,1727893987629,-0.5004883,-2.0,-0.6411743,39.609375,-26.09375,19.953125
479,1727893987669,-0.025634766,-1.4536743,0.15594482,28.078125,67.4375,-7.453125
480,1727893987709,-0.15332031,-0.8262329,-0.06402588,61.109375,40.21875,-5.375
481,1727893987749,-0.010498047,-0.694397,-0.05230713,-9.328125,11.75,-3.125
482,1727893987789,-0.15917969,-0.5352173,-0.06451416,-32.484375,20.421875,16.0625
483,1727893987829,-0.1665039,-0.6470337,-0.1338501,-8.546875,3.984375,18.640625
484,1727893987869,-0.1381836,-0.755188,-0.16729736,19.78125,-4.109375,1.421875
485,1727893987909,-0.07495117,-0.7185669,-0.09454346,12.859375,-0.890625,-9.171875
486,1727893987949,-0.045898438,-0.6445923,-0.4085083,-2.171875,-0.40625,-10.1875
487,1727893987989,-0.053466797,-1.7090454,-0.030334473,-31.328125,-12.765625,3.796875
488,1727893988029,0.40039062,-2.0,-0.5039673,29.609375,-34.15625,-1.375
489,1727893988069,-0.07788086,-1.2297974,-0.29888916,1.828125,-15.75,-4.203125
490,1727893988109,-0.28393555,-0.6680298,-0.1272583,-9.203125,-23.703125,18.59375
491,1727893988149,-0.3095703,-0.55670166,-0.034240723,10.234375,-17.328125,12.59375
492,1727893988189,-0.27294922,-0.7461548,0.02923584,5.734375,-8.53125,6.609375
493,1727893988229,0.0034179688,-0.75982666,0.059020996,-10.78125,-1.1875,-7.09375
494,1727893988269,-0.052001953,-0.6397095,0.042419434,-12.03125,4.5,-21.328125
495,1727893988309,-0.03955078,-0.69317627,-0.0256958,12.21875,18.453125,-17.125
496,1727893988349,-0.12670898,-0.71588135,-0.348938,-6.375,21.125,-21.84375
497,1727893988389,-0.55566406,-1.43219,-0.4187622,-70.75,-11.5625,-6.640625
498,1727893988429,-0.095947266,-2.0,-0.23931885,38.09375,0.78125,19.1875
499,1727893988469,-0.296875,-1.2129517,-0.22784424,80.3125,32.015625,-17.96875
500,1727893988509,-0.16723633,-0.8088989,0.020690918,9.890625,12.578125,-12.8125
501,1727893988549,-0.17089844,-0.70928955,0.022644043,-14.96875,15.421875,4.109375
502,1727893988589,-0.19018555,-0.673645,-0.13165283,-39.90625,17.15625,20.875
503,1727893988629,-0.13110352,-0.7671509,-0.12994385,-4.75,4.1875,8.796875
504,1727893988669,-0.12084961,-0.82354736,-0.13018799,-3.203125,-12.609375,-0.765625
505,1727893988709,-0.057617188,-0.7437134,-0.097961426,-5.40625,-14.125,-3.734375
506,1727893988749,-0.09057617,-1.0513306,-0.2625122,-12.609375,-8.484375,0.78125
507,1727893988789,0.13989258,-1.50177,-0.059631348,19.359375,-5.84375,11.765625
508,1727893988829,0.07104492,-1.3535767,-0.34503174,12.5625,-21.859375,-2.625
509,1727893988869,-0.12084961,-1.1382446,-0.17828369,-16.0625,-23.265625,10.078125
510,1727893988909,-0.17333984,-0.9390259,-0.085998535,-0.046875,-26.0625,15.34375
511,1727893988949,-0.23486328,-0.8555298,-0.035217285,8.046875,-23.75,6.6875
512,1727893988989,-0.16625977,-0.8110962,0.046325684,11.578125,-14.984375,-2.78125
513,1727893989029,-0.10473633,-0.6902466,0.07684326,-5.890625,-9.046875,-5.265625
514,1727893989069,-0.064941406,-0.6026001,0.01727295,-14.203125,-0.859375,-7.21875
515,1727893989109,-0.114990234,-0.7005005,-0.21783447,-5.15625,6.21875,-8.015625
516,1727893989149,-0.2355957,-1.0515747,-0.35968018,-17.4375,1.359375,-11.140625
517,1727893989189,-0.33520508,-1.5317993,-0.2876587,2.625,6.546875,13.21875
518,1727893989229,-0.22924805,-1.3677368,-0.00079345703,45.859375,21.0625,2.625
519,1727893989269,-0.11791992,-1.1550903,-0.054016113,14.03125,15.0,-6.09375
520,1727893989309,-0.10571289,-0.84332275,-0.042053223,-2.15625,18.75,-0.84375
521,1727893989349,-0.13330078,-0.63238525,-0.07159424,-3.609375,21.09375,12.40625
522,1727893989389,-0.140625,-0.6333618,-0.10748291,-3.5625,6.875,15.515625
523,1727893989429,-0.14941406,-0.8184204,-0.028137207,5.671875,-8.375,5.359375
524,1727893989469,-0.11376953,-0.8467407,-0.09869385,-0.203125,-10.015625,-9.171875
525,1727893989509,-0.12207031,-0.64190674,-0.09942627,9.046875,-0.390625,-5.96875
526,1727893989549,-0.026855469,-0.6716919,-0.49542236,-1.171875,-12.125,-0.15625
527,1727893989589,0.15405273,-2.0,-0.065979004,-5.21875,-37.515625,10.75
528,1727893989629,0.30151367,-1.8972778,-0.26763916,17.90625,-17.015625,-13.078125
529,1727893989669,-0.22460938,-0.9480591,-0.39556885,-20.0625,0.6875,4.046875
530,1727893989709,-0.32177734,-0.56134033,0.0004272461,-13.421875,-17.65625,19.90625
531,1727893989749,-0.38085938,-0.5828247,-0.019348145,4.84375,-11.046875,4.59375
532,1727893989789,-0.29663086,-0.75177,0.0680542,1.40625,0.0,3.484375
533,1727893989829,0.024902344,-0.7258911,0.11468506,-10.609375,7.6875,-1.96875
534,1727893989869,0.072021484,-0.7774048,-0.008361816,-2.78125,12.078125,-15.1875
535,1727893989909,0.02758789,-0.63360596,-0.013244629,25.140625,25.0625,-17.21875
536,1727893989949,-0.30615234,-0.81500244,-0.5046997,-30.625,4.25,-17.6875
537,1727893989989,-0.6020508,-2.0,-0.7666626,-21.015625,-25.625,8.859375
538,1727893990029,0.0,-1.883606,0.15301514,53.78125,31.21875,8.765625
539,1727893990069,-0.07885742,-0.8074341,-0.31939697,50.296875,43.328125,-3.4375
540,1727893990109,0.075683594,-0.64141846,0.007019043,-4.5625,1.96875,-5.15625
541,1727893990149,0.011230469,-0.6152954,-0.046691895,-23.0,6.203125,13.09375
542,1727893990189,-0.08300781,-0.82891846,-0.023010254,-14.421875,-3.03125,20.015625
543,1727893990229,-0.1616211,-0.9248657,-0.17608643,5.328125,-16.40625,-0.828125
544,1727893990269,-0.2109375,-0.74542236,-0.11431885,-17.96875,-18.09375,-11.109375
545,1727893990309,-0.040283203,-0.66534424,-0.33111572,16.28125,-9.578125,-4.140625
546,1727893990349,-0.095703125,-1.3821411,-0.12921143,-40.375,-8.15625,0.140625
547,1727893990389,0.5620117,-2.0,-0.28619385,18.375,-33.65625,-4.859375
548,1727893990429,0.008300781,-1.0786743,-0.31158447,0.671875,1.9375,-18.625
549,1727893990469,-0.25341797,-0.6675415,0.019226074,-30.15625,-15.34375,12.40625
550,1727893990509,-0.26635742,-0.61676025,-0.018859863,0.4375,-23.875,10.78125
551,1727893990549,-0.27905273,-0.692688,0.10491943,7.96875,-7.640625,1.1875
552,1727893990589,-0.08154297,-0.8284302,0.14324951,-1.546875,-4.59375,-3.109375
553,1727893990629,-0.07495117,-0.7749634,0.08294678,-10.359375,6.40625,-14.890625
554,1727893990669,-0.020751953,-0.81085205,0.055847168,-2.140625,16.609375,-13.9375
555,1727893990709,-0.05102539,-0.9273071,-0.4776001,-2.28125,8.90625,-13.828125
556,1727893990749,-0.35083008,-1.5723267,-0.33746338,-19.734375,-2.09375,-6.796875
557,1727893990789,-0.31396484,-1.7537231,-0.07281494,37.484375,11.46875,19.1875
558,1727893990829,-0.1796875,-1.100647,-0.10040283,63.828125,23.890625,2.5625
559,1727893990869,-0.064453125,-0.84088135,0.0016479492,12.125,17.609375,-9.9375
560,1727893990909,-0.09008789,-0.6958618,-0.027160645,-9.6875,14.90625,1.265625
561,1727893990949,-0.084228516,-0.55670166,-0.06011963,-16.96875,13.34375,14.15625
562,1727893990989,-0.114990234,-0.73321533,-0.16534424,-5.75,-2.625,8.640625
563,1727893991029,-0.19702148,-0.94732666,-0.11651611,5.84375,-15.375,-4.203125
564,1727893991069,-0.13623047,-0.8591919,-0.13800049,10.953125,-7.109375,-6.0625
565,1727893991109,-0.1652832,-1.1118774,-0.37261963,-25.171875,-8.1875,0.375
566,1727893991149,0.42626953,-1.8855591,-0.16290283,13.28125,-15.75,14.046875
567,1727893991189,0.13085938,-1.4299927,-0.31304932,16.84375,3.328125,-11.375
568,1727893991229,-0.15673828,-0.85357666,-0.12750244,-13.015625,-20.921875,10.765625
569,1727893991269,-0.20239258,-0.7415161,-0.06036377,8.40625,-21.953125,12.15625
570,1727893991309,-0.27441406,-0.67755127,0.012878418,11.34375,-12.5,0.234375
571,1727893991349,-0.20776367,-0.6746216,0.06585693,-4.421875,-7.625,-3.171875
572,1727893991389,-0.084228516,-0.6397095,-0.014709473,-10.71875,1.015625,-11.640625
573,1727893991429,-0.1303711,-0.6921997,-0.0335083,-0.390625,15.140625,-15.078125
574,1727893991469,-0.16186523,-0.83062744,-0.41973877,-17.875,7.78125,-10.09375
575,1727893991509,-0.36694336,-1.5855103,-0.48150635,-27.875,7.921875,3.34375
576,1727893991549,-0.3034668,-1.5581665,-0.036193848,52.828125,25.921875,12.53125
577,1727893991589,-0.23413086,-1.2107544,-0.16485596,50.921875,22.046875,-2.296875
578,1727893991629,-0.13916016,-0.97540283,-0.16363525,0.71875,18.078125,-0.21875
579,1727893991669,-0.088378906,-0.8386841,-0.14141846,-11.234375,24.8125,11.6875
580,1727893991709,-0.09741211,-0.6812134,-0.18292236,-15.46875,20.328125,17.890625
581,1727893991749,-0.08911133,-0.73321533,-0.054504395,3.625,-2.1875,7.09375
582,1727893991789,-0.111572266,-0.6375122,-0.21270752,-8.34375,-2.859375,-7.5625
583,1727893991829,0.017822266,-0.5161743,-0.09893799,13.546875,4.328125,-5.203125
584,1727893991869,0.0053710938,-1.050354,-0.20611572,0.5625,2.515625,0.328125
585,1727893991909,0.2512207,-2.0,-0.34820557,-5.71875,-34.265625,15.640625
586,1727893991949,0.057373047,-1.6878052,-0.16021729,16.875,-7.125,-13.34375
587,1727893991989,-0.31152344,-0.85772705,-0.1716919,1.796875,-8.03125,6.609375
588,1727893992029,-0.2211914,-0.6421509,0.0018920898,11.6875,-14.015625,6.15625
589,1727893992069,-0.22436523,-0.6460571,0.055358887,12.375,-9.359375,-4.859375
590,1727893992109,-0.0859375,-0.6304321,0.004333496,-8.5,-12.859375,-2.953125
591,1727893992149,0.007080078,-0.6253052,-0.026916504,-13.734375,-0.09375,-12.953125
592,1727893992189,-0.08129883,-0.53131104,-0.0178833,5.78125,16.375,-14.265625
593,1727893992229,-0.16040039,-0.55010986,-0.47320557,-16.296875,6.125,-12.0625
594,1727893992269,-0.48950195,-1.5227661,-0.6633911,-67.859375,-11.859375,-1.765625
595,1727893992309,-0.06201172,-2.0,-0.12188721,50.390625,-10.515625,25.375
596,1727893992349,-0.24902344,-1.2095337,-0.09063721,70.34375,48.9375,-13.578125
597,1727893992389,-0.16455078,-0.7251587,-0.057678223,-2.265625,15.6875,-4.53125
598,1727893992429,-0.10961914,-0.7190552,-0.034484863,-20.140625,19.265625,9.21875
599,1727893992469,-0.1184082,-0.76031494,-0.105773926,-4.015625,18.65625,17.578125
600,1727893992509,-0.1496582,-0.8140259,-0.31134033,-10.59375,-4.40625,-3.5625
601,1727893992549,-0.08154297,-0.7022095,-0.0076293945,4.40625,3.78125,-9.171875
602,1727893992589,-0.0034179688,-0.58306885,-0.4036255,12.21875,5.15625,-8.5
603,1727893992629,-0.028808594,-1.2905884,-0.058410645,-26.203125,-8.296875,10.21875
604,1727893992669,0.579834,-2.0,-0.5171509,24.09375,-26.640625,7.640625
605,1727893992709,-0.07910156,-1.4160767,-0.25494385,5.671875,-14.078125,-2.328125
606,1727893992749,-0.21923828,-0.706604,-0.04888916,-6.5,-17.21875,15.359375
607,1727893992789,-0.29956055,-0.5581665,0.046325684,15.140625,-22.34375,4.484375
608,1727893992829,-0.28222656,-0.71221924,0.055114746,3.046875,-16.9375,2.796875
609,1727893992869,-0.045410156,-0.8286743,0.050476074,-11.65625,-8.09375,-5.9375
610,1727893992909,-0.04296875,-0.71588135,-0.013000488,-5.359375,4.484375,-16.3125
611,1727893992949,-0.05834961,-0.7324829,-0.45880127,-0.84375,13.75,-14.0625
612,1727893992989,-0.23364258,-1.1824341,-0.54644775,-40.765625,3.6875,-4.90625
613,1727893993029,-0.25561523,-1.8921509,-0.39337158,13.109375,-1.875,22.765625
614,1727893993069,-0.08544922,-1.2175903,-0.08135986,70.8125,20.515625,2.90625
615,1727893993109,-0.13427734,-0.8220825,-0.05303955,13.375,5.78125,-6.0
616,1727893993149,-0.12524414,-0.7463989,-0.073791504,-8.1875,7.46875,3.796875
617,1727893993189,-0.107177734,-0.64849854,-0.14068604,-11.578125,16.828125,14.484375
618,1727893993229,-0.1694336,-0.7583618,-0.13848877,-7.40625,6.609375,10.578125
619,1727893993269,-0.14892578,-0.9636841,-0.1326294,0.71875,-9.109375,-2.828125
620,1727893993309,-0.053466797,-0.92071533,-0.18414307,4.078125,-10.359375,-8.328125
621,1727893993349,-0.00024414062,-1.0310669,-0.41412354,-14.28125,-3.84375,-2.765625
622,1727893993389,0.3269043,-1.4507446,-0.2810669,-14.3125,-3.84375,9.953125
623,1727893993429,0.2529297,-1.3162231,-0.15533447,23.734375,-3.890625,-7.0625
624,1727893993469,-0.0847168,-1.0039673,-0.14068604,-3.09375,-25.25,0.46875
625,1727893993509,-0.18066406,-0.8916626,-0.128479,-6.6875,-24.46875,12.140625
626,1727893993549,-0.21166992,-0.7415161,-0.077941895,3.4375,-12.828125,2.25
627,1727893993589,-0.18676758,-0.6946411,0.050964355,-1.46875,-9.9375,-9.6875
628,1727893993629,-0.076660156,-0.7151489,0.06512451,-0.484375,-4.234375,-13.953125
629,1727893993669,-0.03955078,-0.6836548,-0.012756348,-11.609375,3.890625,-18.671875
630,1727893993709,-0.030761719,-0.7798462,-0.26739502,4.90625,5.875,-13.078125
631,1727893993749,-0.2097168,-1.2053833,-0.36187744,-16.25,3.0625,-10.28125
632,1727893993789,-0.2565918,-1.6387329,-0.21466064,16.984375,1.109375,12.25
633,1727893993829,-0.18408203,-1.3413696,-0.0881958,43.4375,11.546875,-4.015625
634,1727893993869,-0.17285156,-1.1235962,-0.13018799,3.84375,5.09375,-4.59375
635,1727893993909,-0.06323242,-0.9380493,-0.06842041,-8.4375,9.296875,5.125
636,1727893993949,-0.12890625,-0.661438,-0.0791626,-1.421875,14.46875,11.21875
637,1727893993989,-0.109375,-0.53863525,-0.1260376,-15.859375,-3.671875,9.078125
638,1727893994029,-0.045898438,-0.6538696,-0.12579346,-10.828125,-14.0625,2.859375
639,1727893994069,0.025390625,-0.6331177,-0.13287354,2.15625,-7.3125,-3.4375
640,1727893994109,-0.13647461,-0.99005127,-0.18145752,-12.453125,-16.015625,-8.671875
641,1727893994149,0.68408203,-2.0,-0.4841919,45.5,-42.453125,18.65625
642,1727893994189,0.011230469,-1.4534302,-0.26568604,17.984375,-12.171875,-16.046875
643,1727893994229,-0.24658203,-0.86065674,-0.39385986,-16.875,-18.0625,5.015625
644,1727893994269,-0.22558594,-0.69244385,-0.06817627,5.59375,-26.265625,8.453125
645,1727893994309,-0.25854492,-0.6409302,0.015319824,17.03125,-10.546875,-8.03125
646,1727893994349,-0.16577148,-0.6885376,0.06903076,-18.265625,-13.171875,-8.5625
647,1727893994389,-0.045166016,-0.74468994,0.04852295,-10.671875,2.625,-15.109375
648,1727893994429,-0.07128906,-0.7554321,-0.024230957,-1.734375,7.4375,-15.203125
649,1727893994469,-0.060058594,-0.7263794,-0.39630127,-9.84375,9.375,-13.109375
650,1727893994509,-0.4416504,-1.4741821,-0.56451416,-72.8125,-5.796875,4.640625
651,1727893994549,-0.12207031,-1.9192505,-0.09820557,27.875,1.78125,36.734375
652,1727893994589,-0.21508789,-1.2432251,-0.13873291,75.109375,29.953125,-17.40625
653,1727893994629,-0.15039062,-0.6445923,0.026550293,11.765625,10.671875,-9.09375
654,1727893994669,-0.103027344,-0.61309814,-0.047668457,-1.796875,12.25,1.765625
655,1727893994709,-0.071777344,-0.65826416,-0.18218994,-16.484375,9.59375,17.828125
656,1727893994749,-0.07519531,-0.81378174,-0.12359619,1.671875,2.71875,14.78125
657,1727893994789,-0.19580078,-0.88604736,-0.121398926,5.4375,-8.3125,-1.703125
658,1727893994829,-0.07324219,-0.77471924,-0.045959473,-2.0625,-7.296875,-1.546875
659,1727893994869,-0.00024414062,-0.7424927,-0.3867798,7.71875,-1.546875,4.4375
660,1727893994909,0.012207031,-1.2051392,-0.25250244,-35.265625,-3.96875,13.546875
661,1727893994949,0.45092773,-1.961731,-0.29864502,30.703125,-18.875,3.5
662,1727893994989,-0.04638672,-1.428772,-0.2185669,10.46875,4.375,-9.8125
663,1727893995029,-0.2265625,-0.8308716,-0.12628174,-28.78125,-12.90625,12.703125
664,1727893995069,-0.26586914,-0.49102783,-0.04034424,4.640625,-7.609375,7.75
665,1727893995109,-0.2614746,-0.55914307,0.07318115,11.0,-4.28125,5.1875
666,1727893995149,0.009277344,-0.82818604,0.14202881,-0.03125,-6.9375,-5.78125
667,1727893995189,-0.0126953125,-0.78131104,0.14935303,-13.078125,1.171875,-20.640625
668,1727893995229,-0.14990234,-0.6218872,-0.1741333,-22.53125,18.296875,-21.0625
669,1727893995269,-0.15576172,-0.74835205,-0.31207275,-16.8125,11.84375,-15.984375
670,1727893995309,-0.24316406,-1.5425415,-0.40753174,-9.078125,-6.734375,-9.09375
671,1727893995349,-0.1508789,-1.7576294,0.03729248,38.34375,9.6875,12.3125
672,1727893995389,-0.17041016,-1.2388306,-0.07208252,61.9375,19.96875,-2.65625
673,1727893995429,-0.1940918,-1.0076294,-0.016662598,0.03125,7.640625,-4.8125
674,1727893995469,-0.25878906,-0.8369751,-0.109436035,-9.078125,13.578125,3.296875
675,1727893995509,-0.16552734,-0.579895,-0.12213135,3.578125,14.28125,5.921875
676,1727893995549,-0.12597656,-0.66973877,-0.13140869,7.5,2.109375,4.296875
677,1727893995589,-0.09350586,-0.72003174,-0.14801025,2.0625,-5.0625,0.796875
678,1727893995629,-0.04321289,-0.72247314,-0.2300415,12.625,7.34375,3.53125
679,1727893995669,-0.09301758,-0.9536743,-0.34747314,-17.5,-1.78125,3.5
680,1727893995709,0.4206543,-1.9927368,-0.42755127,-11.59375,-22.0625,21.234375
681,1727893995749,0.12841797,-1.5735474,-0.16973877,28.828125,-12.765625,-12.015625
682,1727893995789,-0.2055664,-0.9273071,-0.25421143,-11.421875,-24.234375,4.03125
683,1727893995829,-0.2746582,-0.61309814,-0.121154785,-7.671875,-23.171875,9.984375
684,1727893995869,-0.3203125,-0.6987915,-0.00030517578,8.359375,-9.828125,2.921875
685,1727893995909,-0.084228516,-0.76763916,0.070495605,-1.625,-7.765625,0.484375
686,1727893995949,-0.04736328,-0.7498169,0.14544678,-6.8125,-5.984375,-9.75
687,1727893995989,-0.084472656,-0.7000122,0.05218506,-12.203125,1.734375,-16.3125
688,1727893996029,-0.16601562,-0.6873169,-0.255188,-3.5,10.28125,-12.265625
689,1727893996069,-0.24414062,-1.0164185,-0.61553955,-58.296875,1.28125,-7.90625
690,1727893996109,-0.39501953,-2.0,-0.4151001,11.28125,3.921875,34.578125
691,1727893996149,0.060058594,-1.3130493,0.25164795,43.546875,33.671875,-5.046875
692,1727893996189,-0.07348633,-0.8152466,0.029724121,27.171875,12.15625,-0.328125
693,1727893996229,-0.08666992,-0.739563,-0.016418457,-13.40625,8.25,10.96875
694,1727893996269,-0.16357422,-0.6226196,-0.16217041,-8.796875,13.65625,11.828125
695,1727893996309,-0.20336914,-0.70880127,-0.0960083,4.578125,0.484375,10.9375
696,1727893996349,-0.15307617,-0.8428345,-0.04034424,14.15625,-5.09375,-1.6875
697,1727893996389,-0.13305664,-0.8069458,-0.13140869,-5.578125,-3.4375,-5.71875
698,1727893996429,-0.07006836,-0.7007446,-0.3513794,5.8125,1.234375,-1.234375
699,1727893996469,-0.12182617,-1.4185181,-0.17633057,-45.578125,3.0625,3.203125
700,1727893996509,0.5957031,-2.0,-0.23443604,32.125,-21.9375,-9.375
701,1727893996549,-0.12963867,-1.0808716,-0.25665283,18.71875,14.78125,-19.546875
702,1727893996589,-0.19360352,-0.68927,-0.043273926,-35.640625,-3.28125,15.875
703,1727893996629,-0.2746582,-0.6304321,0.014587402,-0.515625,-22.265625,8.640625
704,1727893996669,-0.28173828,-0.65460205,0.1317749,12.15625,-9.390625,2.53125
705,1727893996709,-0.14331055,-0.70391846,0.17938232,-15.03125,3.109375,9.328125
706,1727893996749,-0.09448242,-0.57696533,0.041931152,-15.4375,6.515625,-4.59375
707,1727893996789,-0.12841797,-0.76348877,-0.023010254,-3.796875,17.5,-6.859375
708,1727893996829,-0.24926758,-1.2322388,-0.36505127,8.015625,6.921875,-9.546875
709,1727893996869,-0.14038086,-1.4729614,-0.37701416,-13.65625,17.5625,-16.84375
710,1727893996909,-0.33496094,-1.5474243,0.011413574,39.390625,40.765625,9.65625
711,1727893996949,-0.23779297,-0.97540283,-0.108947754,27.375,31.046875,1.71875
712,1727893996989,-0.10107422,-0.87213135,-0.055725098,2.078125,25.78125,-3.03125
713,1727893997029,-0.030273438,-0.8394165,-0.08380127,-4.46875,25.8125,5.109375
714,1727893997069,-0.05859375,-0.6921997,-0.03643799,-3.9375,17.484375,9.1875
715,1727893997109,-0.12915039,-0.66070557,0.016784668,8.734375,5.125,3.96875
716,1727893997149,-0.20141602,-0.65753174,-0.047668457,3.1875,-2.078125,-3.6875
717,1727893997189,-0.114990234,-0.6929321,-0.16412354,22.328125,9.71875,-3.03125
718,1727893997229,-0.14355469,-0.84503174,-0.50494385,-12.890625,-8.03125,-3.625
719,1727893997269,0.69384766,-2.0,-0.31134033,-15.53125,-37.546875,27.640625
720,1727893997309,0.19238281,-1.5779419,-0.1987915,46.75,7.546875,-26.421875
721,1727893997349,-0.27539062,-0.7144165,-0.23077393,-12.703125,-12.46875,12.609375
722,1727893997389,-0.1977539,-0.41973877,-0.031066895,0.96875,-20.53125,15.46875
723,1727893997429,-0.34814453,-0.519104,-0.03643799,8.625,-12.546875,-0.125
724,1727893997469,-0.12841797,-0.6333618,0.04876709,-4.171875,-5.0625,4.171875
725,1727893997509,0.038085938,-0.74298096,0.0067749023,-7.890625,4.9375,-6.421875
726,1727893997549,-0.029541016,-0.6951294,0.02923584,-19.5,24.046875,-15.546875
727,1727893997589,0.020996094,-0.80059814,-0.09161377,20.5,14.578125,-12.015625
728,1727893997629,-0.20581055,-1.4517212,-0.31671143,-44.546875,-13.53125,-13.15625
729,1727893997669,-0.09765625,-1.956604,-0.26519775,30.234375,-24.109375,13.484375
730,1727893997709,-0.26586914,-1.2385864,-0.16192627,67.21875,17.546875,-1.84375
731,1727893997749,-0.12036133,-0.8171997,-0.0056762695,28.3125,6.375,-4.34375
732,1727893997789,-0.1184082,-0.7451782,-0.039123535,-8.21875,3.640625,0.015625
733,1727893997829,-0.028320312,-0.7605591,-0.081848145,-21.359375,10.65625,15.390625
734,1727893997869,-0.015380859,-0.7202759,-0.03741455,-16.078125,-3.75,9.5
735,1727893997909,-0.1003418,-0.6182251,-0.12261963,-15.5,-11.546875,-0.53125
736,1727893997949,-0.1159668,-0.66119385,-0.040100098,-2.015625,-6.0,-1.078125
737,1727893997989,-0.08154297,-0.8460083,-0.802063,22.265625,-23.703125,-7.109375
738,1727893998029,0.075927734,-2.0,0.10101318,-50.09375,-18.03125,-0.5
739,1727893998069,0.26367188,-1.732727,-0.3040161,0.21875,-19.515625,-6.25
740,1727893998109,-0.14648438,-1.0545044,-0.16949463,-6.375,-12.609375,5.265625
741,1727893998149,-0.26342773,-0.6436157,-0.053527832,-10.40625,-12.015625,17.9375
742,1727893998189,-0.2697754,-0.5462036,0.014831543,8.5625,-13.328125,3.109375
743,1727893998229,-0.13793945,-0.8152466,0.152771,11.0625,-15.3125,4.890625
744,1727893998269,0.13720703,-0.79815674,0.113708496,-0.515625,-7.265625,-12.375
745,1727893998309,-0.029052734,-0.6296997,0.0524292,-13.640625,4.328125,-17.703125
746,1727893998349,-0.044189453,-0.6885376,-0.054748535,5.75,7.328125,-8.25
747,1727893998389,-0.080566406,-0.9751587,-0.42755127,-36.078125,0.75,-12.390625
748,1727893998429,-0.43310547,-2.0,-0.31451416,-20.328125,-10.765625,2.53125
749,1727893998469,-0.3623047,-1.7041626,-0.21832275,49.5625,8.140625,10.546875
750,1727893998509,-0.29003906,-0.95928955,-0.17462158,50.515625,31.0625,-7.578125
751,1727893998549,0.06689453,-0.76690674,0.015808105,36.84375,15.21875,-8.78125
752,1727893998589,0.0056152344,-0.70635986,0.04046631,-9.0,10.40625,3.03125
753,1727893998629,-0.0637207,-0.6453247,-0.113342285,-24.8125,6.3125,23.1875
754,1727893998669,-0.12158203,-0.8357544,-0.109191895,-6.125,-13.5,7.390625
755,1727893998709,-0.2524414,-0.67315674,-0.2144165,3.421875,-8.640625,-12.484375
756,1727893998749,-0.13134766,-0.48345947,-0.1638794,22.015625,0.171875,-10.453125
757,1727893998789,-0.115722656,-0.95440674,-0.2354126,-36.375,-2.125,-0.796875
758,1727893998829,0.61157227,-2.0,-0.28326416,-19.375,-46.640625,16.546875
759,1727893998869,0.1484375,-1.520813,-0.24786377,17.0,17.734375,-17.09375
